folds,eta,max_depth,colsample_bytree,subsample,lambda,bestLoss,bestRound
8,0.01,4,0.85,0.8,0,0.443955,999
10,0.01,4,0.85,0.8,0,0.443539,1000
8,0.012,4,0.85,0.8,0,0.446729,830
10,0.012,4,0.85,0.8,0,0.443891,833
8,0.014,4,0.85,0.8,0,0.446118,714
10,0.014,4,0.85,0.8,0,0.446203,714
8,0.016,4,0.85,0.8,0,0.448009,624
10,0.016,4,0.85,0.8,0,0.445111,625
8,0.018,4,0.85,0.8,0,0.441545,555
10,0.018,4,0.85,0.8,0,0.447609,554
8,0.02,4,0.85,0.8,0,0.449855,500
10,0.02,4,0.85,0.8,0,0.44038,500
8,0.022,4,0.85,0.8,0,0.448901,455
10,0.022,4,0.85,0.8,0,0.444588,455
8,0.024,4,0.85,0.8,0,0.448807,417
10,0.024,4,0.85,0.8,0,0.449633,417
8,0.026,4,0.85,0.8,0,0.44445,385
10,0.026,4,0.85,0.8,0,0.443147,385
8,0.028,4,0.85,0.8,0,0.446099,357
10,0.028,4,0.85,0.8,0,0.446038,357
8,0.03,4,0.85,0.8,0,0.448534,333
10,0.03,4,0.85,0.8,0,0.44598,333
8,0.01,5,0.85,0.8,0,0.430867,1000
10,0.01,5,0.85,0.8,0,0.43121,1000
8,0.012,5,0.85,0.8,0,0.434798,833
10,0.012,5,0.85,0.8,0,0.434332,830
8,0.014,5,0.85,0.8,0,0.436301,714
10,0.014,5,0.85,0.8,0,0.433621,714
8,0.016,5,0.85,0.8,0,0.43316,617
10,0.016,5,0.85,0.8,0,0.43457,625
8,0.018,5,0.85,0.8,0,0.431897,554
10,0.018,5,0.85,0.8,0,0.430855,556
8,0.02,5,0.85,0.8,0,0.438863,492
10,0.02,5,0.85,0.8,0,0.435144,500
8,0.022,5,0.85,0.8,0,0.434264,455
10,0.022,5,0.85,0.8,0,0.432157,455
8,0.024,5,0.85,0.8,0,0.432397,417
10,0.024,5,0.85,0.8,0,0.434966,417
8,0.026,5,0.85,0.8,0,0.434608,385
10,0.026,5,0.85,0.8,0,0.436982,384
8,0.028,5,0.85,0.8,0,0.433723,357
10,0.028,5,0.85,0.8,0,0.429515,357
8,0.03,5,0.85,0.8,0,0.436332,325
10,0.03,5,0.85,0.8,0,0.434083,332
8,0.01,6,0.85,0.8,0,0.428227,987
10,0.01,6,0.85,0.8,0,0.429506,984
8,0.012,6,0.85,0.8,0,0.425788,828
10,0.012,6,0.85,0.8,0,0.427097,817
8,0.014,6,0.85,0.8,0,0.429337,703
10,0.014,6,0.85,0.8,0,0.431427,701
8,0.016,6,0.85,0.8,0,0.430706,548
10,0.016,6,0.85,0.8,0,0.428702,592
8,0.018,6,0.85,0.8,0,0.428475,528
10,0.018,6,0.85,0.8,0,0.428602,554
8,0.02,6,0.85,0.8,0,0.429793,473
10,0.02,6,0.85,0.8,0,0.424297,450
8,0.022,6,0.85,0.8,0,0.42964,416
10,0.022,6,0.85,0.8,0,0.431576,404
8,0.024,6,0.85,0.8,0,0.430874,394
10,0.024,6,0.85,0.8,0,0.430275,396
8,0.026,6,0.85,0.8,0,0.430573,378
10,0.026,6,0.85,0.8,0,0.427845,376
8,0.028,6,0.85,0.8,0,0.435851,333
10,0.028,6,0.85,0.8,0,0.429552,352
8,0.03,6,0.85,0.8,0,0.427781,308
10,0.03,6,0.85,0.8,0,0.424188,321
8,0.01,7,0.85,0.8,0,0.432699,700
10,0.01,7,0.85,0.8,0,0.43298,704
8,0.012,7,0.85,0.8,0,0.429356,651
10,0.012,7,0.85,0.8,0,0.426683,622
8,0.014,7,0.85,0.8,0,0.426462,497
10,0.014,7,0.85,0.8,0,0.429621,609
8,0.016,7,0.85,0.8,0,0.426798,432
10,0.016,7,0.85,0.8,0,0.427498,486
8,0.018,7,0.85,0.8,0,0.428096,450
10,0.018,7,0.85,0.8,0,0.429984,367
8,0.02,7,0.85,0.8,0,0.42243,393
10,0.02,7,0.85,0.8,0,0.429992,337
8,0.022,7,0.85,0.8,0,0.430756,284
10,0.022,7,0.85,0.8,0,0.433155,352
8,0.024,7,0.85,0.8,0,0.42929,302
10,0.024,7,0.85,0.8,0,0.43238,271
8,0.026,7,0.85,0.8,0,0.429388,294
10,0.026,7,0.85,0.8,0,0.42893,272
8,0.028,7,0.85,0.8,0,0.430319,270
10,0.028,7,0.85,0.8,0,0.430789,280
8,0.03,7,0.85,0.8,0,0.432691,261
10,0.03,7,0.85,0.8,0,0.427519,258
8,0.01,4,0.8,0.8,0,0.449307,1000
10,0.01,4,0.8,0.8,0,0.446322,1000
8,0.012,4,0.8,0.8,0,0.447424,832
10,0.012,4,0.8,0.8,0,0.445514,833
8,0.014,4,0.8,0.8,0,0.446184,714
10,0.014,4,0.8,0.8,0,0.448083,714
8,0.016,4,0.8,0.8,0,0.445402,625
10,0.016,4,0.8,0.8,0,0.441462,623
8,0.018,4,0.8,0.8,0,0.443754,554
10,0.018,4,0.8,0.8,0,0.445654,556
8,0.02,4,0.8,0.8,0,0.447163,500
10,0.02,4,0.8,0.8,0,0.441964,498
8,0.022,4,0.8,0.8,0,0.445968,455
10,0.022,4,0.8,0.8,0,0.443758,455
8,0.024,4,0.8,0.8,0,0.449032,417
10,0.024,4,0.8,0.8,0,0.446987,417
8,0.026,4,0.8,0.8,0,0.44506,385
10,0.026,4,0.8,0.8,0,0.442164,385
8,0.028,4,0.8,0.8,0,0.447151,357
10,0.028,4,0.8,0.8,0,0.445788,357
8,0.03,4,0.8,0.8,0,0.451284,333
10,0.03,4,0.8,0.8,0,0.444534,333
8,0.01,5,0.8,0.8,0,0.430484,1000
10,0.01,5,0.8,0.8,0,0.430786,1000
8,0.012,5,0.8,0.8,0,0.432591,833
10,0.012,5,0.8,0.8,0,0.430269,831
8,0.014,5,0.8,0.8,0,0.431255,706
10,0.014,5,0.8,0.8,0,0.433136,714
8,0.016,5,0.8,0.8,0,0.433134,625
10,0.016,5,0.8,0.8,0,0.430427,625
8,0.018,5,0.8,0.8,0,0.437817,554
10,0.018,5,0.8,0.8,0,0.431959,556
8,0.02,5,0.8,0.8,0,0.430678,494
10,0.02,5,0.8,0.8,0,0.429943,500
8,0.022,5,0.8,0.8,0,0.434762,454
10,0.022,5,0.8,0.8,0,0.431726,455
8,0.024,5,0.8,0.8,0,0.433269,416
10,0.024,5,0.8,0.8,0,0.434033,417
8,0.026,5,0.8,0.8,0,0.436461,385
10,0.026,5,0.8,0.8,0,0.432539,385
8,0.028,5,0.8,0.8,0,0.432437,357
10,0.028,5,0.8,0.8,0,0.435648,357
8,0.03,5,0.8,0.8,0,0.437031,333
10,0.03,5,0.8,0.8,0,0.436435,331
8,0.01,6,0.8,0.8,0,0.42949,999
10,0.01,6,0.8,0.8,0,0.42644,1000
8,0.012,6,0.8,0.8,0,0.430011,785
10,0.012,6,0.8,0.8,0,0.427438,781
8,0.014,6,0.8,0.8,0,0.431902,652
10,0.014,6,0.8,0.8,0,0.425191,667
8,0.016,6,0.8,0.8,0,0.432645,587
10,0.016,6,0.8,0.8,0,0.425983,622
8,0.018,6,0.8,0.8,0,0.427302,488
10,0.018,6,0.8,0.8,0,0.426517,553
8,0.02,6,0.8,0.8,0,0.433092,450
10,0.02,6,0.8,0.8,0,0.430552,480
8,0.022,6,0.8,0.8,0,0.435137,405
10,0.022,6,0.8,0.8,0,0.425241,443
8,0.024,6,0.8,0.8,0,0.433608,372
10,0.024,6,0.8,0.8,0,0.432806,394
8,0.026,6,0.8,0.8,0,0.424964,370
10,0.026,6,0.8,0.8,0,0.422901,382
8,0.028,6,0.8,0.8,0,0.433146,340
10,0.028,6,0.8,0.8,0,0.425276,357
8,0.03,6,0.8,0.8,0,0.433507,297
10,0.03,6,0.8,0.8,0,0.427706,325
8,0.01,7,0.8,0.8,0,0.427969,727
10,0.01,7,0.8,0.8,0,0.42574,764
8,0.012,7,0.8,0.8,0,0.424752,675
10,0.012,7,0.8,0.8,0,0.425329,682
8,0.014,7,0.8,0.8,0,0.43036,528
10,0.014,7,0.8,0.8,0,0.425098,505
8,0.016,7,0.8,0.8,0,0.428588,455
10,0.016,7,0.8,0.8,0,0.426988,424
8,0.018,7,0.8,0.8,0,0.426768,423
10,0.018,7,0.8,0.8,0,0.431271,397
8,0.02,7,0.8,0.8,0,0.433017,312
10,0.02,7,0.8,0.8,0,0.424122,387
8,0.022,7,0.8,0.8,0,0.431877,304
10,0.022,7,0.8,0.8,0,0.427856,310
8,0.024,7,0.8,0.8,0,0.429503,334
10,0.024,7,0.8,0.8,0,0.430334,277
8,0.026,7,0.8,0.8,0,0.433223,258
10,0.026,7,0.8,0.8,0,0.428532,299
8,0.028,7,0.8,0.8,0,0.427945,309
10,0.028,7,0.8,0.8,0,0.424339,278
8,0.03,7,0.8,0.8,0,0.43265,236
10,0.03,7,0.8,0.8,0,0.435957,243
8,0.01,4,1,0.8,0,0.44264,1000
10,0.01,4,1,0.8,0,0.446045,1000
8,0.012,4,1,0.8,0,0.447469,833
10,0.012,4,1,0.8,0,0.445115,833
8,0.014,4,1,0.8,0,0.440174,713
10,0.014,4,1,0.8,0,0.445694,713
8,0.016,4,1,0.8,0,0.446764,625
10,0.016,4,1,0.8,0,0.446015,620
8,0.018,4,1,0.8,0,0.442085,556
10,0.018,4,1,0.8,0,0.442173,556
8,0.02,4,1,0.8,0,0.444897,500
10,0.02,4,1,0.8,0,0.444291,500
8,0.022,4,1,0.8,0,0.445392,453
10,0.022,4,1,0.8,0,0.445115,454
8,0.024,4,1,0.8,0,0.445304,417
10,0.024,4,1,0.8,0,0.442171,417
8,0.026,4,1,0.8,0,0.447026,385
10,0.026,4,1,0.8,0,0.445139,385
8,0.028,4,1,0.8,0,0.445333,357
10,0.028,4,1,0.8,0,0.443399,357
8,0.03,4,1,0.8,0,0.445488,333
10,0.03,4,1,0.8,0,0.443571,332
8,0.01,5,1,0.8,0,0.431314,999
10,0.01,5,1,0.8,0,0.430285,1000
8,0.012,5,1,0.8,0,0.432533,833
10,0.012,5,1,0.8,0,0.435038,831
8,0.014,5,1,0.8,0,0.434458,714
10,0.014,5,1,0.8,0,0.433412,713
8,0.016,5,1,0.8,0,0.430961,621
10,0.016,5,1,0.8,0,0.431919,625
8,0.018,5,1,0.8,0,0.433555,539
10,0.018,5,1,0.8,0,0.43157,556
8,0.02,5,1,0.8,0,0.432457,500
10,0.02,5,1,0.8,0,0.431796,500
8,0.022,5,1,0.8,0,0.433612,455
10,0.022,5,1,0.8,0,0.437336,452
8,0.024,5,1,0.8,0,0.436069,417
10,0.024,5,1,0.8,0,0.437323,416
8,0.026,5,1,0.8,0,0.434984,379
10,0.026,5,1,0.8,0,0.436455,385
8,0.028,5,1,0.8,0,0.437595,355
10,0.028,5,1,0.8,0,0.437312,356
8,0.03,5,1,0.8,0,0.436709,332
10,0.03,5,1,0.8,0,0.434238,332
8,0.01,6,1,0.8,0,0.428202,987
10,0.01,6,1,0.8,0,0.428653,920
8,0.012,6,1,0.8,0,0.430921,826
10,0.012,6,1,0.8,0,0.426508,804
8,0.014,6,1,0.8,0,0.431513,663
10,0.014,6,1,0.8,0,0.427919,674
8,0.016,6,1,0.8,0,0.42617,599
10,0.016,6,1,0.8,0,0.423654,572
8,0.018,6,1,0.8,0,0.429526,543
10,0.018,6,1,0.8,0,0.431488,526
8,0.02,6,1,0.8,0,0.429837,497
10,0.02,6,1,0.8,0,0.427264,498
8,0.022,6,1,0.8,0,0.431418,416
10,0.022,6,1,0.8,0,0.429752,409
8,0.024,6,1,0.8,0,0.431882,377
10,0.024,6,1,0.8,0,0.430951,346
8,0.026,6,1,0.8,0,0.428311,370
10,0.026,6,1,0.8,0,0.432531,347
8,0.028,6,1,0.8,0,0.427929,297
10,0.028,6,1,0.8,0,0.43673,314
8,0.03,6,1,0.8,0,0.431505,273
10,0.03,6,1,0.8,0,0.429679,283
8,0.01,7,1,0.8,0,0.425483,765
10,0.01,7,1,0.8,0,0.428153,709
8,0.012,7,1,0.8,0,0.429734,591
10,0.012,7,1,0.8,0,0.42864,646
8,0.014,7,1,0.8,0,0.428954,480
10,0.014,7,1,0.8,0,0.426661,587
8,0.016,7,1,0.8,0,0.43222,433
10,0.016,7,1,0.8,0,0.427902,495
8,0.018,7,1,0.8,0,0.432394,412
10,0.018,7,1,0.8,0,0.425833,394
8,0.02,7,1,0.8,0,0.435864,362
10,0.02,7,1,0.8,0,0.43142,352
8,0.022,7,1,0.8,0,0.426593,374
10,0.022,7,1,0.8,0,0.425996,331
8,0.024,7,1,0.8,0,0.4297,318
10,0.024,7,1,0.8,0,0.427554,304
8,0.026,7,1,0.8,0,0.438149,252
10,0.026,7,1,0.8,0,0.428857,287
8,0.028,7,1,0.8,0,0.428956,292
10,0.028,7,1,0.8,0,0.430374,264
8,0.03,7,1,0.8,0,0.430164,265
10,0.03,7,1,0.8,0,0.425326,269
8,0.01,4,0.85,0.95,0,0.449936,999
10,0.01,4,0.85,0.95,0,0.449635,998
8,0.012,4,0.85,0.95,0,0.452346,833
10,0.012,4,0.85,0.95,0,0.450637,833
8,0.014,4,0.85,0.95,0,0.448554,714
10,0.014,4,0.85,0.95,0,0.447386,711
8,0.016,4,0.85,0.95,0,0.450692,624
10,0.016,4,0.85,0.95,0,0.453694,625
8,0.018,4,0.85,0.95,0,0.451296,556
10,0.018,4,0.85,0.95,0,0.449574,554
8,0.02,4,0.85,0.95,0,0.450164,500
10,0.02,4,0.85,0.95,0,0.451231,500
8,0.022,4,0.85,0.95,0,0.449425,454
10,0.022,4,0.85,0.95,0,0.449663,455
8,0.024,4,0.85,0.95,0,0.453282,417
10,0.024,4,0.85,0.95,0,0.450958,417
8,0.026,4,0.85,0.95,0,0.448736,385
10,0.026,4,0.85,0.95,0,0.450847,385
8,0.028,4,0.85,0.95,0,0.450201,357
10,0.028,4,0.85,0.95,0,0.448768,357
8,0.03,4,0.85,0.95,0,0.451757,331
10,0.03,4,0.85,0.95,0,0.450717,333
8,0.01,5,0.85,0.95,0,0.442134,983
10,0.01,5,0.85,0.95,0,0.43457,1000
8,0.012,5,0.85,0.95,0,0.438006,832
10,0.012,5,0.85,0.95,0,0.430183,831
8,0.014,5,0.85,0.95,0,0.43813,714
10,0.014,5,0.85,0.95,0,0.436921,714
8,0.016,5,0.85,0.95,0,0.438945,624
10,0.016,5,0.85,0.95,0,0.437969,625
8,0.018,5,0.85,0.95,0,0.437825,556
10,0.018,5,0.85,0.95,0,0.435096,556
8,0.02,5,0.85,0.95,0,0.438465,500
10,0.02,5,0.85,0.95,0,0.435772,499
8,0.022,5,0.85,0.95,0,0.439611,455
10,0.022,5,0.85,0.95,0,0.441683,455
8,0.024,5,0.85,0.95,0,0.434522,409
10,0.024,5,0.85,0.95,0,0.435173,417
8,0.026,5,0.85,0.95,0,0.436649,384
10,0.026,5,0.85,0.95,0,0.442989,381
8,0.028,5,0.85,0.95,0,0.435985,355
10,0.028,5,0.85,0.95,0,0.437989,357
8,0.03,5,0.85,0.95,0,0.445349,333
10,0.03,5,0.85,0.95,0,0.437583,333
8,0.01,6,0.85,0.95,0,0.429837,1000
10,0.01,6,0.85,0.95,0,0.42703,998
8,0.012,6,0.85,0.95,0,0.42704,833
10,0.012,6,0.85,0.95,0,0.43221,820
8,0.014,6,0.85,0.95,0,0.437636,644
10,0.014,6,0.85,0.95,0,0.429387,690
8,0.016,6,0.85,0.95,0,0.435548,625
10,0.016,6,0.85,0.95,0,0.431078,625
8,0.018,6,0.85,0.95,0,0.430282,542
10,0.018,6,0.85,0.95,0,0.430935,512
8,0.02,6,0.85,0.95,0,0.43396,499
10,0.02,6,0.85,0.95,0,0.4357,497
8,0.022,6,0.85,0.95,0,0.430691,448
10,0.022,6,0.85,0.95,0,0.430537,454
8,0.024,6,0.85,0.95,0,0.433333,415
10,0.024,6,0.85,0.95,0,0.43044,410
8,0.026,6,0.85,0.95,0,0.432305,342
10,0.026,6,0.85,0.95,0,0.428289,384
8,0.028,6,0.85,0.95,0,0.431435,349
10,0.028,6,0.85,0.95,0,0.428993,348
8,0.03,6,0.85,0.95,0,0.430099,328
10,0.03,6,0.85,0.95,0,0.432178,322
8,0.01,7,0.85,0.95,0,0.428813,703
10,0.01,7,0.85,0.95,0,0.43167,760
8,0.012,7,0.85,0.95,0,0.43228,550
10,0.012,7,0.85,0.95,0,0.437149,563
8,0.014,7,0.85,0.95,0,0.430397,545
10,0.014,7,0.85,0.95,0,0.430202,461
8,0.016,7,0.85,0.95,0,0.430326,457
10,0.016,7,0.85,0.95,0,0.428179,437
8,0.018,7,0.85,0.95,0,0.433408,385
10,0.018,7,0.85,0.95,0,0.431436,432
8,0.02,7,0.85,0.95,0,0.43251,382
10,0.02,7,0.85,0.95,0,0.427212,452
8,0.022,7,0.85,0.95,0,0.42642,323
10,0.022,7,0.85,0.95,0,0.431752,355
8,0.024,7,0.85,0.95,0,0.433688,344
10,0.024,7,0.85,0.95,0,0.430224,284
8,0.026,7,0.85,0.95,0,0.428487,285
10,0.026,7,0.85,0.95,0,0.433494,295
8,0.028,7,0.85,0.95,0,0.440447,266
10,0.028,7,0.85,0.95,0,0.433419,326
8,0.03,7,0.85,0.95,0,0.434196,215
10,0.03,7,0.85,0.95,0,0.430399,286
8,0.01,4,0.8,0.95,0,0.446757,999
10,0.01,4,0.8,0.95,0,0.449174,1000
8,0.012,4,0.8,0.95,0,0.44842,832
10,0.012,4,0.8,0.95,0,0.449275,833
8,0.014,4,0.8,0.95,0,0.453526,711
10,0.014,4,0.8,0.95,0,0.447123,714
8,0.016,4,0.8,0.95,0,0.450381,625
10,0.016,4,0.8,0.95,0,0.448309,625
8,0.018,4,0.8,0.95,0,0.447289,556
10,0.018,4,0.8,0.95,0,0.453195,556
8,0.02,4,0.8,0.95,0,0.449439,499
10,0.02,4,0.8,0.95,0,0.451039,500
8,0.022,4,0.8,0.95,0,0.449879,455
10,0.022,4,0.8,0.95,0,0.450861,455
8,0.024,4,0.8,0.95,0,0.450157,417
10,0.024,4,0.8,0.95,0,0.451459,416
8,0.026,4,0.8,0.95,0,0.449012,385
10,0.026,4,0.8,0.95,0,0.450776,385
8,0.028,4,0.8,0.95,0,0.454964,357
10,0.028,4,0.8,0.95,0,0.452566,357
8,0.03,4,0.8,0.95,0,0.454349,333
10,0.03,4,0.8,0.95,0,0.45008,333
8,0.01,5,0.8,0.95,0,0.437316,1000
10,0.01,5,0.8,0.95,0,0.437004,995
8,0.012,5,0.8,0.95,0,0.439003,833
10,0.012,5,0.8,0.95,0,0.439613,833
8,0.014,5,0.8,0.95,0,0.437597,714
10,0.014,5,0.8,0.95,0,0.433727,714
8,0.016,5,0.8,0.95,0,0.434803,621
10,0.016,5,0.8,0.95,0,0.431563,623
8,0.018,5,0.8,0.95,0,0.435815,556
10,0.018,5,0.8,0.95,0,0.433421,554
8,0.02,5,0.8,0.95,0,0.437883,500
10,0.02,5,0.8,0.95,0,0.438058,500
8,0.022,5,0.8,0.95,0,0.433494,455
10,0.022,5,0.8,0.95,0,0.440608,455
8,0.024,5,0.8,0.95,0,0.438569,417
10,0.024,5,0.8,0.95,0,0.437396,417
8,0.026,5,0.8,0.95,0,0.440831,383
10,0.026,5,0.8,0.95,0,0.440966,379
8,0.028,5,0.8,0.95,0,0.437889,355
10,0.028,5,0.8,0.95,0,0.438201,357
8,0.03,5,0.8,0.95,0,0.446045,333
10,0.03,5,0.8,0.95,0,0.438658,333
8,0.01,6,0.8,0.95,0,0.433976,934
10,0.01,6,0.8,0.95,0,0.435706,984
8,0.012,6,0.8,0.95,0,0.428617,833
10,0.012,6,0.8,0.95,0,0.42714,824
8,0.014,6,0.8,0.95,0,0.433721,643
10,0.014,6,0.8,0.95,0,0.43187,680
8,0.016,6,0.8,0.95,0,0.42905,620
10,0.016,6,0.8,0.95,0,0.435599,622
8,0.018,6,0.8,0.95,0,0.42909,556
10,0.018,6,0.8,0.95,0,0.43192,555
8,0.02,6,0.8,0.95,0,0.431936,500
10,0.02,6,0.8,0.95,0,0.427868,487
8,0.022,6,0.8,0.95,0,0.431897,436
10,0.022,6,0.8,0.95,0,0.432169,434
8,0.024,6,0.8,0.95,0,0.428658,397
10,0.024,6,0.8,0.95,0,0.427733,417
8,0.026,6,0.8,0.95,0,0.43227,383
10,0.026,6,0.8,0.95,0,0.429101,377
8,0.028,6,0.8,0.95,0,0.431331,356
10,0.028,6,0.8,0.95,0,0.433706,333
8,0.03,6,0.8,0.95,0,0.436323,293
10,0.03,6,0.8,0.95,0,0.430382,322
8,0.01,7,0.8,0.95,0,0.433287,728
10,0.01,7,0.8,0.95,0,0.425608,842
8,0.012,7,0.8,0.95,0,0.430001,580
10,0.012,7,0.8,0.95,0,0.429071,701
8,0.014,7,0.8,0.95,0,0.430268,558
10,0.014,7,0.8,0.95,0,0.431454,459
8,0.016,7,0.8,0.95,0,0.429472,449
10,0.016,7,0.8,0.95,0,0.435385,439
8,0.018,7,0.8,0.95,0,0.433947,360
10,0.018,7,0.8,0.95,0,0.429305,433
8,0.02,7,0.8,0.95,0,0.434176,355
10,0.02,7,0.8,0.95,0,0.430098,387
8,0.022,7,0.8,0.95,0,0.43122,367
10,0.022,7,0.8,0.95,0,0.432969,302
8,0.024,7,0.8,0.95,0,0.430764,259
10,0.024,7,0.8,0.95,0,0.431967,331
8,0.026,7,0.8,0.95,0,0.43517,254
10,0.026,7,0.8,0.95,0,0.432415,300
8,0.028,7,0.8,0.95,0,0.434731,214
10,0.028,7,0.8,0.95,0,0.428682,261
8,0.03,7,0.8,0.95,0,0.434705,213
10,0.03,7,0.8,0.95,0,0.429815,289
8,0.01,4,1,0.95,0,0.451532,1000
10,0.01,4,1,0.95,0,0.451335,1000
8,0.012,4,1,0.95,0,0.446784,833
10,0.012,4,1,0.95,0,0.449123,832
8,0.014,4,1,0.95,0,0.447956,714
10,0.014,4,1,0.95,0,0.4502,713
8,0.016,4,1,0.95,0,0.452527,625
10,0.016,4,1,0.95,0,0.448391,624
8,0.018,4,1,0.95,0,0.447551,556
10,0.018,4,1,0.95,0,0.451422,556
8,0.02,4,1,0.95,0,0.450352,500
10,0.02,4,1,0.95,0,0.449108,498
8,0.022,4,1,0.95,0,0.449437,455
10,0.022,4,1,0.95,0,0.447812,455
8,0.024,4,1,0.95,0,0.450411,416
10,0.024,4,1,0.95,0,0.448466,417
8,0.026,4,1,0.95,0,0.45112,385
10,0.026,4,1,0.95,0,0.451122,385
8,0.028,4,1,0.95,0,0.445452,357
10,0.028,4,1,0.95,0,0.451901,357
8,0.03,4,1,0.95,0,0.451049,333
10,0.03,4,1,0.95,0,0.448541,333
8,0.01,5,1,0.95,0,0.435718,999
10,0.01,5,1,0.95,0,0.437844,997
8,0.012,5,1,0.95,0,0.437141,832
10,0.012,5,1,0.95,0,0.43883,830
8,0.014,5,1,0.95,0,0.439535,714
10,0.014,5,1,0.95,0,0.431312,714
8,0.016,5,1,0.95,0,0.437958,624
10,0.016,5,1,0.95,0,0.44061,624
8,0.018,5,1,0.95,0,0.440787,556
10,0.018,5,1,0.95,0,0.440058,556
8,0.02,5,1,0.95,0,0.440828,499
10,0.02,5,1,0.95,0,0.434761,499
8,0.022,5,1,0.95,0,0.435069,455
10,0.022,5,1,0.95,0,0.434658,455
8,0.024,5,1,0.95,0,0.433559,417
10,0.024,5,1,0.95,0,0.435744,417
8,0.026,5,1,0.95,0,0.43982,385
10,0.026,5,1,0.95,0,0.44013,376
8,0.028,5,1,0.95,0,0.440546,356
10,0.028,5,1,0.95,0,0.439686,357
8,0.03,5,1,0.95,0,0.441949,329
10,0.03,5,1,0.95,0,0.437088,333
8,0.01,6,1,0.95,0,0.433672,999
10,0.01,6,1,0.95,0,0.431158,1000
8,0.012,6,1,0.95,0,0.43302,768
10,0.012,6,1,0.95,0,0.434844,830
8,0.014,6,1,0.95,0,0.439028,713
10,0.014,6,1,0.95,0,0.431723,702
8,0.016,6,1,0.95,0,0.439347,543
10,0.016,6,1,0.95,0,0.429836,625
8,0.018,6,1,0.95,0,0.433582,554
10,0.018,6,1,0.95,0,0.432831,526
8,0.02,6,1,0.95,0,0.434111,484
10,0.02,6,1,0.95,0,0.434968,500
8,0.022,6,1,0.95,0,0.435294,451
10,0.022,6,1,0.95,0,0.429349,453
8,0.024,6,1,0.95,0,0.431848,396
10,0.024,6,1,0.95,0,0.43018,399
8,0.026,6,1,0.95,0,0.433849,370
10,0.026,6,1,0.95,0,0.43132,383
8,0.028,6,1,0.95,0,0.435879,323
10,0.028,6,1,0.95,0,0.4367,319
8,0.03,6,1,0.95,0,0.434933,333
10,0.03,6,1,0.95,0,0.428505,327
8,0.01,7,1,0.95,0,0.436252,638
10,0.01,7,1,0.95,0,0.425847,747
8,0.012,7,1,0.95,0,0.432624,564
10,0.012,7,1,0.95,0,0.424933,748
8,0.014,7,1,0.95,0,0.434958,525
10,0.014,7,1,0.95,0,0.428468,612
8,0.016,7,1,0.95,0,0.434006,460
10,0.016,7,1,0.95,0,0.428846,505
8,0.018,7,1,0.95,0,0.431385,392
10,0.018,7,1,0.95,0,0.433793,462
8,0.02,7,1,0.95,0,0.437882,384
10,0.02,7,1,0.95,0,0.429345,417
8,0.022,7,1,0.95,0,0.434485,316
10,0.022,7,1,0.95,0,0.430356,342
8,0.024,7,1,0.95,0,0.430905,299
10,0.024,7,1,0.95,0,0.43649,265
8,0.026,7,1,0.95,0,0.431601,256
10,0.026,7,1,0.95,0,0.426405,350
8,0.028,7,1,0.95,0,0.43563,227
10,0.028,7,1,0.95,0,0.430652,254
8,0.03,7,1,0.95,0,0.436925,233
10,0.03,7,1,0.95,0,0.432966,227
8,0.01,4,0.85,1,0,0.458504,1000
10,0.01,4,0.85,1,0,0.456313,999
8,0.012,4,0.85,1,0,0.453283,832
10,0.012,4,0.85,1,0,0.45685,833
8,0.014,4,0.85,1,0,0.462821,714
10,0.014,4,0.85,1,0,0.453576,713
8,0.016,4,0.85,1,0,0.453205,625
10,0.016,4,0.85,1,0,0.454947,625
8,0.018,4,0.85,1,0,0.45908,556
10,0.018,4,0.85,1,0,0.45586,556
8,0.02,4,0.85,1,0,0.456101,500
10,0.02,4,0.85,1,0,0.455067,500
8,0.022,4,0.85,1,0,0.454112,455
10,0.022,4,0.85,1,0,0.458498,454
8,0.024,4,0.85,1,0,0.454299,417
10,0.024,4,0.85,1,0,0.455635,417
8,0.026,4,0.85,1,0,0.455927,385
10,0.026,4,0.85,1,0,0.454326,385
8,0.028,4,0.85,1,0,0.456177,355
10,0.028,4,0.85,1,0,0.455032,357
8,0.03,4,0.85,1,0,0.457952,333
10,0.03,4,0.85,1,0,0.456087,333
8,0.01,5,0.85,1,0,0.443236,999
10,0.01,5,0.85,1,0,0.444638,999
8,0.012,5,0.85,1,0,0.441831,833
10,0.012,5,0.85,1,0,0.44362,833
8,0.014,5,0.85,1,0,0.444504,711
10,0.014,5,0.85,1,0,0.441665,714
8,0.016,5,0.85,1,0,0.443482,624
10,0.016,5,0.85,1,0,0.442119,625
8,0.018,5,0.85,1,0,0.443807,556
10,0.018,5,0.85,1,0,0.441985,556
8,0.02,5,0.85,1,0,0.439682,499
10,0.02,5,0.85,1,0,0.442848,500
8,0.022,5,0.85,1,0,0.443258,455
10,0.022,5,0.85,1,0,0.435974,455
8,0.024,5,0.85,1,0,0.441589,413
10,0.024,5,0.85,1,0,0.44496,415
8,0.026,5,0.85,1,0,0.438245,385
10,0.026,5,0.85,1,0,0.436799,384
8,0.028,5,0.85,1,0,0.443175,357
10,0.028,5,0.85,1,0,0.441311,356
8,0.03,5,0.85,1,0,0.443236,332
10,0.03,5,0.85,1,0,0.440526,333
8,0.01,6,0.85,1,0,0.435017,1000
10,0.01,6,0.85,1,0,0.42655,992
8,0.012,6,0.85,1,0,0.436924,831
10,0.012,6,0.85,1,0,0.439861,801
8,0.014,6,0.85,1,0,0.439914,713
10,0.014,6,0.85,1,0,0.432303,712
8,0.016,6,0.85,1,0,0.435113,624
10,0.016,6,0.85,1,0,0.435447,625
8,0.018,6,0.85,1,0,0.438533,556
10,0.018,6,0.85,1,0,0.433372,552
8,0.02,6,0.85,1,0,0.437118,500
10,0.02,6,0.85,1,0,0.428812,500
8,0.022,6,0.85,1,0,0.435616,452
10,0.022,6,0.85,1,0,0.435802,420
8,0.024,6,0.85,1,0,0.440181,417
10,0.024,6,0.85,1,0,0.436506,412
8,0.026,6,0.85,1,0,0.435815,374
10,0.026,6,0.85,1,0,0.435339,363
8,0.028,6,0.85,1,0,0.437401,340
10,0.028,6,0.85,1,0,0.441991,355
8,0.03,6,0.85,1,0,0.435019,329
10,0.03,6,0.85,1,0,0.435586,328
8,0.01,7,0.85,1,0,0.43455,738
10,0.01,7,0.85,1,0,0.431803,913
8,0.012,7,0.85,1,0,0.432652,657
10,0.012,7,0.85,1,0,0.434857,697
8,0.014,7,0.85,1,0,0.430865,497
10,0.014,7,0.85,1,0,0.433371,563
8,0.016,7,0.85,1,0,0.439917,397
10,0.016,7,0.85,1,0,0.436201,480
8,0.018,7,0.85,1,0,0.439153,396
10,0.018,7,0.85,1,0,0.434623,501
8,0.02,7,0.85,1,0,0.431297,409
10,0.02,7,0.85,1,0,0.431963,386
8,0.022,7,0.85,1,0,0.433672,372
10,0.022,7,0.85,1,0,0.429853,409
8,0.024,7,0.85,1,0,0.436607,351
10,0.024,7,0.85,1,0,0.435789,332
8,0.026,7,0.85,1,0,0.436515,299
10,0.026,7,0.85,1,0,0.43374,256
8,0.028,7,0.85,1,0,0.438655,249
10,0.028,7,0.85,1,0,0.437717,262
8,0.03,7,0.85,1,0,0.434248,226
10,0.03,7,0.85,1,0,0.43828,219
8,0.01,4,0.8,1,0,0.459678,998
10,0.01,4,0.8,1,0,0.453589,1000
8,0.012,4,0.8,1,0,0.454474,833
10,0.012,4,0.8,1,0,0.452416,833
8,0.014,4,0.8,1,0,0.458978,713
10,0.014,4,0.8,1,0,0.458262,714
8,0.016,4,0.8,1,0,0.45728,624
10,0.016,4,0.8,1,0,0.454674,623
8,0.018,4,0.8,1,0,0.456055,556
10,0.018,4,0.8,1,0,0.456973,556
8,0.02,4,0.8,1,0,0.462152,500
10,0.02,4,0.8,1,0,0.45579,497
8,0.022,4,0.8,1,0,0.460295,454
10,0.022,4,0.8,1,0,0.451408,454
8,0.024,4,0.8,1,0,0.454994,417
10,0.024,4,0.8,1,0,0.455289,416
8,0.026,4,0.8,1,0,0.456482,385
10,0.026,4,0.8,1,0,0.454664,385
8,0.028,4,0.8,1,0,0.452058,355
10,0.028,4,0.8,1,0,0.455719,352
8,0.03,4,0.8,1,0,0.461627,333
10,0.03,4,0.8,1,0,0.454173,333
8,0.01,5,0.8,1,0,0.447376,997
10,0.01,5,0.8,1,0,0.438865,1000
8,0.012,5,0.8,1,0,0.443562,831
10,0.012,5,0.8,1,0,0.443846,833
8,0.014,5,0.8,1,0,0.445799,714
10,0.014,5,0.8,1,0,0.438319,712
8,0.016,5,0.8,1,0,0.440851,624
10,0.016,5,0.8,1,0,0.441578,625
8,0.018,5,0.8,1,0,0.444292,556
10,0.018,5,0.8,1,0,0.441868,555
8,0.02,5,0.8,1,0,0.444173,500
10,0.02,5,0.8,1,0,0.444456,496
8,0.022,5,0.8,1,0,0.445738,454
10,0.022,5,0.8,1,0,0.441076,455
8,0.024,5,0.8,1,0,0.439841,417
10,0.024,5,0.8,1,0,0.444012,417
8,0.026,5,0.8,1,0,0.445489,383
10,0.026,5,0.8,1,0,0.441646,385
8,0.028,5,0.8,1,0,0.444141,357
10,0.028,5,0.8,1,0,0.438262,357
8,0.03,5,0.8,1,0,0.443004,333
10,0.03,5,0.8,1,0,0.438897,333
8,0.01,6,0.8,1,0,0.437008,990
10,0.01,6,0.8,1,0,0.435904,992
8,0.012,6,0.8,1,0,0.436303,833
10,0.012,6,0.8,1,0,0.438105,828
8,0.014,6,0.8,1,0,0.429264,705
10,0.014,6,0.8,1,0,0.438432,714
8,0.016,6,0.8,1,0,0.435557,625
10,0.016,6,0.8,1,0,0.435661,625
8,0.018,6,0.8,1,0,0.434855,556
10,0.018,6,0.8,1,0,0.432035,549
8,0.02,6,0.8,1,0,0.433887,500
10,0.02,6,0.8,1,0,0.435994,499
8,0.022,6,0.8,1,0,0.436252,455
10,0.022,6,0.8,1,0,0.43352,454
8,0.024,6,0.8,1,0,0.437186,416
10,0.024,6,0.8,1,0,0.436674,404
8,0.026,6,0.8,1,0,0.438281,373
10,0.026,6,0.8,1,0,0.432742,384
8,0.028,6,0.8,1,0,0.432273,357
10,0.028,6,0.8,1,0,0.432879,356
8,0.03,6,0.8,1,0,0.437264,319
10,0.03,6,0.8,1,0,0.433856,333
8,0.01,7,0.8,1,0,0.438931,782
10,0.01,7,0.8,1,0,0.431121,844
8,0.012,7,0.8,1,0,0.435307,606
10,0.012,7,0.8,1,0,0.433217,619
8,0.014,7,0.8,1,0,0.43703,534
10,0.014,7,0.8,1,0,0.434082,613
8,0.016,7,0.8,1,0,0.425559,578
10,0.016,7,0.8,1,0,0.437987,512
8,0.018,7,0.8,1,0,0.43527,444
10,0.018,7,0.8,1,0,0.437238,444
8,0.02,7,0.8,1,0,0.434376,383
10,0.02,7,0.8,1,0,0.433992,427
8,0.022,7,0.8,1,0,0.440076,308
10,0.022,7,0.8,1,0,0.438521,354
8,0.024,7,0.8,1,0,0.434147,272
10,0.024,7,0.8,1,0,0.433774,285
8,0.026,7,0.8,1,0,0.437928,311
10,0.026,7,0.8,1,0,0.429334,298
8,0.028,7,0.8,1,0,0.440147,267
10,0.028,7,0.8,1,0,0.433522,310
8,0.03,7,0.8,1,0,0.428169,290
10,0.03,7,0.8,1,0,0.437242,245
8,0.01,4,1,1,0,0.45697,1000
10,0.01,4,1,1,0,0.457446,1000
8,0.012,4,1,1,0,0.457253,833
10,0.012,4,1,1,0,0.453572,833
8,0.014,4,1,1,0,0.45233,714
10,0.014,4,1,1,0,0.454255,714
8,0.016,4,1,1,0,0.456416,625
10,0.016,4,1,1,0,0.454874,625
8,0.018,4,1,1,0,0.452005,556
10,0.018,4,1,1,0,0.460354,556
8,0.02,4,1,1,0,0.45268,500
10,0.02,4,1,1,0,0.455246,500
8,0.022,4,1,1,0,0.453306,455
10,0.022,4,1,1,0,0.454505,455
8,0.024,4,1,1,0,0.458875,416
10,0.024,4,1,1,0,0.453962,417
8,0.026,4,1,1,0,0.457447,385
10,0.026,4,1,1,0,0.454324,385
8,0.028,4,1,1,0,0.452952,357
10,0.028,4,1,1,0,0.455181,357
8,0.03,4,1,1,0,0.454866,332
10,0.03,4,1,1,0,0.457841,333
8,0.01,5,1,1,0,0.446317,993
10,0.01,5,1,1,0,0.442598,1000
8,0.012,5,1,1,0,0.443942,827
10,0.012,5,1,1,0,0.448875,833
8,0.014,5,1,1,0,0.444033,714
10,0.014,5,1,1,0,0.440117,714
8,0.016,5,1,1,0,0.450287,625
10,0.016,5,1,1,0,0.443579,624
8,0.018,5,1,1,0,0.446012,556
10,0.018,5,1,1,0,0.442376,554
8,0.02,5,1,1,0,0.445642,500
10,0.02,5,1,1,0,0.440395,500
8,0.022,5,1,1,0,0.444026,453
10,0.022,5,1,1,0,0.447674,455
8,0.024,5,1,1,0,0.43754,416
10,0.024,5,1,1,0,0.449064,414
8,0.026,5,1,1,0,0.441547,385
10,0.026,5,1,1,0,0.445418,385
8,0.028,5,1,1,0,0.443773,356
10,0.028,5,1,1,0,0.443942,357
8,0.03,5,1,1,0,0.441412,333
10,0.03,5,1,1,0,0.444881,333
8,0.01,6,1,1,0,0.441797,1000
10,0.01,6,1,1,0,0.438362,982
8,0.012,6,1,1,0,0.438943,810
10,0.012,6,1,1,0,0.43854,833
8,0.014,6,1,1,0,-1,-1
10,0.014,6,1,1,0,-1,-1
8,0.016,6,1,1,0,-1,-1
10,0.016,6,1,1,0,-1,-1
8,0.018,6,1,1,0,-1,-1
10,0.018,6,1,1,0,-1,-1
8,0.02,6,1,1,0,-1,-1
10,0.02,6,1,1,0,-1,-1
8,0.022,6,1,1,0,-1,-1
10,0.022,6,1,1,0,-1,-1
8,0.024,6,1,1,0,-1,-1
10,0.024,6,1,1,0,-1,-1
8,0.026,6,1,1,0,-1,-1
10,0.026,6,1,1,0,-1,-1
8,0.028,6,1,1,0,-1,-1
10,0.028,6,1,1,0,-1,-1
8,0.03,6,1,1,0,-1,-1
10,0.03,6,1,1,0,-1,-1
8,0.01,7,1,1,0,-1,-1
10,0.01,7,1,1,0,-1,-1
8,0.012,7,1,1,0,-1,-1
10,0.012,7,1,1,0,-1,-1
8,0.014,7,1,1,0,-1,-1
10,0.014,7,1,1,0,-1,-1
8,0.016,7,1,1,0,-1,-1
10,0.016,7,1,1,0,-1,-1
8,0.018,7,1,1,0,-1,-1
10,0.018,7,1,1,0,-1,-1
8,0.02,7,1,1,0,-1,-1
10,0.02,7,1,1,0,-1,-1
8,0.022,7,1,1,0,-1,-1
10,0.022,7,1,1,0,-1,-1
8,0.024,7,1,1,0,-1,-1
10,0.024,7,1,1,0,-1,-1
8,0.026,7,1,1,0,-1,-1
10,0.026,7,1,1,0,-1,-1
8,0.028,7,1,1,0,-1,-1
10,0.028,7,1,1,0,-1,-1
8,0.03,7,1,1,0,-1,-1
10,0.03,7,1,1,0,-1,-1
8,0.01,4,0.85,0.8,1,-1,-1
10,0.01,4,0.85,0.8,1,-1,-1
8,0.012,4,0.85,0.8,1,-1,-1
10,0.012,4,0.85,0.8,1,-1,-1
8,0.014,4,0.85,0.8,1,-1,-1
10,0.014,4,0.85,0.8,1,-1,-1
8,0.016,4,0.85,0.8,1,-1,-1
10,0.016,4,0.85,0.8,1,-1,-1
8,0.018,4,0.85,0.8,1,-1,-1
10,0.018,4,0.85,0.8,1,-1,-1
8,0.02,4,0.85,0.8,1,-1,-1
10,0.02,4,0.85,0.8,1,-1,-1
8,0.022,4,0.85,0.8,1,-1,-1
10,0.022,4,0.85,0.8,1,-1,-1
8,0.024,4,0.85,0.8,1,-1,-1
10,0.024,4,0.85,0.8,1,-1,-1
8,0.026,4,0.85,0.8,1,-1,-1
10,0.026,4,0.85,0.8,1,-1,-1
8,0.028,4,0.85,0.8,1,-1,-1
10,0.028,4,0.85,0.8,1,-1,-1
8,0.03,4,0.85,0.8,1,-1,-1
10,0.03,4,0.85,0.8,1,-1,-1
8,0.01,5,0.85,0.8,1,-1,-1
10,0.01,5,0.85,0.8,1,-1,-1
8,0.012,5,0.85,0.8,1,-1,-1
10,0.012,5,0.85,0.8,1,-1,-1
8,0.014,5,0.85,0.8,1,-1,-1
10,0.014,5,0.85,0.8,1,-1,-1
8,0.016,5,0.85,0.8,1,-1,-1
10,0.016,5,0.85,0.8,1,-1,-1
8,0.018,5,0.85,0.8,1,-1,-1
10,0.018,5,0.85,0.8,1,-1,-1
8,0.02,5,0.85,0.8,1,-1,-1
10,0.02,5,0.85,0.8,1,-1,-1
8,0.022,5,0.85,0.8,1,-1,-1
10,0.022,5,0.85,0.8,1,-1,-1
8,0.024,5,0.85,0.8,1,-1,-1
10,0.024,5,0.85,0.8,1,-1,-1
8,0.026,5,0.85,0.8,1,-1,-1
10,0.026,5,0.85,0.8,1,-1,-1
8,0.028,5,0.85,0.8,1,-1,-1
10,0.028,5,0.85,0.8,1,-1,-1
8,0.03,5,0.85,0.8,1,-1,-1
10,0.03,5,0.85,0.8,1,-1,-1
8,0.01,6,0.85,0.8,1,-1,-1
10,0.01,6,0.85,0.8,1,-1,-1
8,0.012,6,0.85,0.8,1,-1,-1
10,0.012,6,0.85,0.8,1,-1,-1
8,0.014,6,0.85,0.8,1,-1,-1
10,0.014,6,0.85,0.8,1,-1,-1
8,0.016,6,0.85,0.8,1,-1,-1
10,0.016,6,0.85,0.8,1,-1,-1
8,0.018,6,0.85,0.8,1,-1,-1
10,0.018,6,0.85,0.8,1,-1,-1
8,0.02,6,0.85,0.8,1,-1,-1
10,0.02,6,0.85,0.8,1,-1,-1
8,0.022,6,0.85,0.8,1,-1,-1
10,0.022,6,0.85,0.8,1,-1,-1
8,0.024,6,0.85,0.8,1,-1,-1
10,0.024,6,0.85,0.8,1,-1,-1
8,0.026,6,0.85,0.8,1,-1,-1
10,0.026,6,0.85,0.8,1,-1,-1
8,0.028,6,0.85,0.8,1,-1,-1
10,0.028,6,0.85,0.8,1,-1,-1
8,0.03,6,0.85,0.8,1,-1,-1
10,0.03,6,0.85,0.8,1,-1,-1
8,0.01,7,0.85,0.8,1,-1,-1
10,0.01,7,0.85,0.8,1,-1,-1
8,0.012,7,0.85,0.8,1,-1,-1
10,0.012,7,0.85,0.8,1,-1,-1
8,0.014,7,0.85,0.8,1,-1,-1
10,0.014,7,0.85,0.8,1,-1,-1
8,0.016,7,0.85,0.8,1,-1,-1
10,0.016,7,0.85,0.8,1,-1,-1
8,0.018,7,0.85,0.8,1,-1,-1
10,0.018,7,0.85,0.8,1,-1,-1
8,0.02,7,0.85,0.8,1,-1,-1
10,0.02,7,0.85,0.8,1,-1,-1
8,0.022,7,0.85,0.8,1,-1,-1
10,0.022,7,0.85,0.8,1,-1,-1
8,0.024,7,0.85,0.8,1,-1,-1
10,0.024,7,0.85,0.8,1,-1,-1
8,0.026,7,0.85,0.8,1,-1,-1
10,0.026,7,0.85,0.8,1,-1,-1
8,0.028,7,0.85,0.8,1,-1,-1
10,0.028,7,0.85,0.8,1,-1,-1
8,0.03,7,0.85,0.8,1,-1,-1
10,0.03,7,0.85,0.8,1,-1,-1
8,0.01,4,0.8,0.8,1,-1,-1
10,0.01,4,0.8,0.8,1,-1,-1
8,0.012,4,0.8,0.8,1,-1,-1
10,0.012,4,0.8,0.8,1,-1,-1
8,0.014,4,0.8,0.8,1,-1,-1
10,0.014,4,0.8,0.8,1,-1,-1
8,0.016,4,0.8,0.8,1,-1,-1
10,0.016,4,0.8,0.8,1,-1,-1
8,0.018,4,0.8,0.8,1,-1,-1
10,0.018,4,0.8,0.8,1,-1,-1
8,0.02,4,0.8,0.8,1,-1,-1
10,0.02,4,0.8,0.8,1,-1,-1
8,0.022,4,0.8,0.8,1,-1,-1
10,0.022,4,0.8,0.8,1,-1,-1
8,0.024,4,0.8,0.8,1,-1,-1
10,0.024,4,0.8,0.8,1,-1,-1
8,0.026,4,0.8,0.8,1,-1,-1
10,0.026,4,0.8,0.8,1,-1,-1
8,0.028,4,0.8,0.8,1,-1,-1
10,0.028,4,0.8,0.8,1,-1,-1
8,0.03,4,0.8,0.8,1,-1,-1
10,0.03,4,0.8,0.8,1,-1,-1
8,0.01,5,0.8,0.8,1,-1,-1
10,0.01,5,0.8,0.8,1,-1,-1
8,0.012,5,0.8,0.8,1,-1,-1
10,0.012,5,0.8,0.8,1,-1,-1
8,0.014,5,0.8,0.8,1,-1,-1
10,0.014,5,0.8,0.8,1,-1,-1
8,0.016,5,0.8,0.8,1,-1,-1
10,0.016,5,0.8,0.8,1,-1,-1
8,0.018,5,0.8,0.8,1,-1,-1
10,0.018,5,0.8,0.8,1,-1,-1
8,0.02,5,0.8,0.8,1,-1,-1
10,0.02,5,0.8,0.8,1,-1,-1
8,0.022,5,0.8,0.8,1,-1,-1
10,0.022,5,0.8,0.8,1,-1,-1
8,0.024,5,0.8,0.8,1,-1,-1
10,0.024,5,0.8,0.8,1,-1,-1
8,0.026,5,0.8,0.8,1,-1,-1
10,0.026,5,0.8,0.8,1,-1,-1
8,0.028,5,0.8,0.8,1,-1,-1
10,0.028,5,0.8,0.8,1,-1,-1
8,0.03,5,0.8,0.8,1,-1,-1
10,0.03,5,0.8,0.8,1,-1,-1
8,0.01,6,0.8,0.8,1,-1,-1
10,0.01,6,0.8,0.8,1,-1,-1
8,0.012,6,0.8,0.8,1,-1,-1
10,0.012,6,0.8,0.8,1,-1,-1
8,0.014,6,0.8,0.8,1,-1,-1
10,0.014,6,0.8,0.8,1,-1,-1
8,0.016,6,0.8,0.8,1,-1,-1
10,0.016,6,0.8,0.8,1,-1,-1
8,0.018,6,0.8,0.8,1,-1,-1
10,0.018,6,0.8,0.8,1,-1,-1
8,0.02,6,0.8,0.8,1,-1,-1
10,0.02,6,0.8,0.8,1,-1,-1
8,0.022,6,0.8,0.8,1,-1,-1
10,0.022,6,0.8,0.8,1,-1,-1
8,0.024,6,0.8,0.8,1,-1,-1
10,0.024,6,0.8,0.8,1,-1,-1
8,0.026,6,0.8,0.8,1,-1,-1
10,0.026,6,0.8,0.8,1,-1,-1
8,0.028,6,0.8,0.8,1,-1,-1
10,0.028,6,0.8,0.8,1,-1,-1
8,0.03,6,0.8,0.8,1,-1,-1
10,0.03,6,0.8,0.8,1,-1,-1
8,0.01,7,0.8,0.8,1,-1,-1
10,0.01,7,0.8,0.8,1,-1,-1
8,0.012,7,0.8,0.8,1,-1,-1
10,0.012,7,0.8,0.8,1,-1,-1
8,0.014,7,0.8,0.8,1,-1,-1
10,0.014,7,0.8,0.8,1,-1,-1
8,0.016,7,0.8,0.8,1,-1,-1
10,0.016,7,0.8,0.8,1,-1,-1
8,0.018,7,0.8,0.8,1,-1,-1
10,0.018,7,0.8,0.8,1,-1,-1
8,0.02,7,0.8,0.8,1,-1,-1
10,0.02,7,0.8,0.8,1,-1,-1
8,0.022,7,0.8,0.8,1,-1,-1
10,0.022,7,0.8,0.8,1,-1,-1
8,0.024,7,0.8,0.8,1,-1,-1
10,0.024,7,0.8,0.8,1,-1,-1
8,0.026,7,0.8,0.8,1,-1,-1
10,0.026,7,0.8,0.8,1,-1,-1
8,0.028,7,0.8,0.8,1,-1,-1
10,0.028,7,0.8,0.8,1,-1,-1
8,0.03,7,0.8,0.8,1,-1,-1
10,0.03,7,0.8,0.8,1,-1,-1
8,0.01,4,1,0.8,1,-1,-1
10,0.01,4,1,0.8,1,-1,-1
8,0.012,4,1,0.8,1,-1,-1
10,0.012,4,1,0.8,1,-1,-1
8,0.014,4,1,0.8,1,-1,-1
10,0.014,4,1,0.8,1,-1,-1
8,0.016,4,1,0.8,1,-1,-1
10,0.016,4,1,0.8,1,-1,-1
8,0.018,4,1,0.8,1,-1,-1
10,0.018,4,1,0.8,1,-1,-1
8,0.02,4,1,0.8,1,-1,-1
10,0.02,4,1,0.8,1,-1,-1
8,0.022,4,1,0.8,1,-1,-1
10,0.022,4,1,0.8,1,-1,-1
8,0.024,4,1,0.8,1,-1,-1
10,0.024,4,1,0.8,1,-1,-1
8,0.026,4,1,0.8,1,-1,-1
10,0.026,4,1,0.8,1,-1,-1
8,0.028,4,1,0.8,1,-1,-1
10,0.028,4,1,0.8,1,-1,-1
8,0.03,4,1,0.8,1,-1,-1
10,0.03,4,1,0.8,1,-1,-1
8,0.01,5,1,0.8,1,-1,-1
10,0.01,5,1,0.8,1,-1,-1
8,0.012,5,1,0.8,1,-1,-1
10,0.012,5,1,0.8,1,-1,-1
8,0.014,5,1,0.8,1,-1,-1
10,0.014,5,1,0.8,1,-1,-1
8,0.016,5,1,0.8,1,-1,-1
10,0.016,5,1,0.8,1,-1,-1
8,0.018,5,1,0.8,1,-1,-1
10,0.018,5,1,0.8,1,-1,-1
8,0.02,5,1,0.8,1,-1,-1
10,0.02,5,1,0.8,1,-1,-1
8,0.022,5,1,0.8,1,-1,-1
10,0.022,5,1,0.8,1,-1,-1
8,0.024,5,1,0.8,1,-1,-1
10,0.024,5,1,0.8,1,-1,-1
8,0.026,5,1,0.8,1,-1,-1
10,0.026,5,1,0.8,1,-1,-1
8,0.028,5,1,0.8,1,-1,-1
10,0.028,5,1,0.8,1,-1,-1
8,0.03,5,1,0.8,1,-1,-1
10,0.03,5,1,0.8,1,-1,-1
8,0.01,6,1,0.8,1,-1,-1
10,0.01,6,1,0.8,1,-1,-1
8,0.012,6,1,0.8,1,-1,-1
10,0.012,6,1,0.8,1,-1,-1
8,0.014,6,1,0.8,1,-1,-1
10,0.014,6,1,0.8,1,-1,-1
8,0.016,6,1,0.8,1,-1,-1
10,0.016,6,1,0.8,1,-1,-1
8,0.018,6,1,0.8,1,-1,-1
10,0.018,6,1,0.8,1,-1,-1
8,0.02,6,1,0.8,1,-1,-1
10,0.02,6,1,0.8,1,-1,-1
8,0.022,6,1,0.8,1,-1,-1
10,0.022,6,1,0.8,1,-1,-1
8,0.024,6,1,0.8,1,-1,-1
10,0.024,6,1,0.8,1,-1,-1
8,0.026,6,1,0.8,1,-1,-1
10,0.026,6,1,0.8,1,-1,-1
8,0.028,6,1,0.8,1,-1,-1
10,0.028,6,1,0.8,1,-1,-1
8,0.03,6,1,0.8,1,-1,-1
10,0.03,6,1,0.8,1,-1,-1
8,0.01,7,1,0.8,1,-1,-1
10,0.01,7,1,0.8,1,-1,-1
8,0.012,7,1,0.8,1,-1,-1
10,0.012,7,1,0.8,1,-1,-1
8,0.014,7,1,0.8,1,-1,-1
10,0.014,7,1,0.8,1,-1,-1
8,0.016,7,1,0.8,1,-1,-1
10,0.016,7,1,0.8,1,-1,-1
8,0.018,7,1,0.8,1,-1,-1
10,0.018,7,1,0.8,1,-1,-1
8,0.02,7,1,0.8,1,-1,-1
10,0.02,7,1,0.8,1,-1,-1
8,0.022,7,1,0.8,1,-1,-1
10,0.022,7,1,0.8,1,-1,-1
8,0.024,7,1,0.8,1,-1,-1
10,0.024,7,1,0.8,1,-1,-1
8,0.026,7,1,0.8,1,-1,-1
10,0.026,7,1,0.8,1,-1,-1
8,0.028,7,1,0.8,1,-1,-1
10,0.028,7,1,0.8,1,-1,-1
8,0.03,7,1,0.8,1,-1,-1
10,0.03,7,1,0.8,1,-1,-1
8,0.01,4,0.85,0.95,1,-1,-1
10,0.01,4,0.85,0.95,1,-1,-1
8,0.012,4,0.85,0.95,1,-1,-1
10,0.012,4,0.85,0.95,1,-1,-1
8,0.014,4,0.85,0.95,1,-1,-1
10,0.014,4,0.85,0.95,1,-1,-1
8,0.016,4,0.85,0.95,1,-1,-1
10,0.016,4,0.85,0.95,1,-1,-1
8,0.018,4,0.85,0.95,1,-1,-1
10,0.018,4,0.85,0.95,1,-1,-1
8,0.02,4,0.85,0.95,1,-1,-1
10,0.02,4,0.85,0.95,1,-1,-1
8,0.022,4,0.85,0.95,1,-1,-1
10,0.022,4,0.85,0.95,1,-1,-1
8,0.024,4,0.85,0.95,1,-1,-1
10,0.024,4,0.85,0.95,1,-1,-1
8,0.026,4,0.85,0.95,1,-1,-1
10,0.026,4,0.85,0.95,1,-1,-1
8,0.028,4,0.85,0.95,1,-1,-1
10,0.028,4,0.85,0.95,1,-1,-1
8,0.03,4,0.85,0.95,1,-1,-1
10,0.03,4,0.85,0.95,1,-1,-1
8,0.01,5,0.85,0.95,1,-1,-1
10,0.01,5,0.85,0.95,1,-1,-1
8,0.012,5,0.85,0.95,1,-1,-1
10,0.012,5,0.85,0.95,1,-1,-1
8,0.014,5,0.85,0.95,1,-1,-1
10,0.014,5,0.85,0.95,1,-1,-1
8,0.016,5,0.85,0.95,1,-1,-1
10,0.016,5,0.85,0.95,1,-1,-1
8,0.018,5,0.85,0.95,1,-1,-1
10,0.018,5,0.85,0.95,1,-1,-1
8,0.02,5,0.85,0.95,1,-1,-1
10,0.02,5,0.85,0.95,1,-1,-1
8,0.022,5,0.85,0.95,1,-1,-1
10,0.022,5,0.85,0.95,1,-1,-1
8,0.024,5,0.85,0.95,1,-1,-1
10,0.024,5,0.85,0.95,1,-1,-1
8,0.026,5,0.85,0.95,1,-1,-1
10,0.026,5,0.85,0.95,1,-1,-1
8,0.028,5,0.85,0.95,1,-1,-1
10,0.028,5,0.85,0.95,1,-1,-1
8,0.03,5,0.85,0.95,1,-1,-1
10,0.03,5,0.85,0.95,1,-1,-1
8,0.01,6,0.85,0.95,1,-1,-1
10,0.01,6,0.85,0.95,1,-1,-1
8,0.012,6,0.85,0.95,1,-1,-1
10,0.012,6,0.85,0.95,1,-1,-1
8,0.014,6,0.85,0.95,1,-1,-1
10,0.014,6,0.85,0.95,1,-1,-1
8,0.016,6,0.85,0.95,1,-1,-1
10,0.016,6,0.85,0.95,1,-1,-1
8,0.018,6,0.85,0.95,1,-1,-1
10,0.018,6,0.85,0.95,1,-1,-1
8,0.02,6,0.85,0.95,1,-1,-1
10,0.02,6,0.85,0.95,1,-1,-1
8,0.022,6,0.85,0.95,1,-1,-1
10,0.022,6,0.85,0.95,1,-1,-1
8,0.024,6,0.85,0.95,1,-1,-1
10,0.024,6,0.85,0.95,1,-1,-1
8,0.026,6,0.85,0.95,1,-1,-1
10,0.026,6,0.85,0.95,1,-1,-1
8,0.028,6,0.85,0.95,1,-1,-1
10,0.028,6,0.85,0.95,1,-1,-1
8,0.03,6,0.85,0.95,1,-1,-1
10,0.03,6,0.85,0.95,1,-1,-1
8,0.01,7,0.85,0.95,1,-1,-1
10,0.01,7,0.85,0.95,1,-1,-1
8,0.012,7,0.85,0.95,1,-1,-1
10,0.012,7,0.85,0.95,1,-1,-1
8,0.014,7,0.85,0.95,1,-1,-1
10,0.014,7,0.85,0.95,1,-1,-1
8,0.016,7,0.85,0.95,1,-1,-1
10,0.016,7,0.85,0.95,1,-1,-1
8,0.018,7,0.85,0.95,1,-1,-1
10,0.018,7,0.85,0.95,1,-1,-1
8,0.02,7,0.85,0.95,1,-1,-1
10,0.02,7,0.85,0.95,1,-1,-1
8,0.022,7,0.85,0.95,1,-1,-1
10,0.022,7,0.85,0.95,1,-1,-1
8,0.024,7,0.85,0.95,1,-1,-1
10,0.024,7,0.85,0.95,1,-1,-1
8,0.026,7,0.85,0.95,1,-1,-1
10,0.026,7,0.85,0.95,1,-1,-1
8,0.028,7,0.85,0.95,1,-1,-1
10,0.028,7,0.85,0.95,1,-1,-1
8,0.03,7,0.85,0.95,1,-1,-1
10,0.03,7,0.85,0.95,1,-1,-1
8,0.01,4,0.8,0.95,1,-1,-1
10,0.01,4,0.8,0.95,1,-1,-1
8,0.012,4,0.8,0.95,1,-1,-1
10,0.012,4,0.8,0.95,1,-1,-1
8,0.014,4,0.8,0.95,1,-1,-1
10,0.014,4,0.8,0.95,1,-1,-1
8,0.016,4,0.8,0.95,1,-1,-1
10,0.016,4,0.8,0.95,1,-1,-1
8,0.018,4,0.8,0.95,1,-1,-1
10,0.018,4,0.8,0.95,1,-1,-1
8,0.02,4,0.8,0.95,1,-1,-1
10,0.02,4,0.8,0.95,1,-1,-1
8,0.022,4,0.8,0.95,1,-1,-1
10,0.022,4,0.8,0.95,1,-1,-1
8,0.024,4,0.8,0.95,1,-1,-1
10,0.024,4,0.8,0.95,1,-1,-1
8,0.026,4,0.8,0.95,1,-1,-1
10,0.026,4,0.8,0.95,1,-1,-1
8,0.028,4,0.8,0.95,1,-1,-1
10,0.028,4,0.8,0.95,1,-1,-1
8,0.03,4,0.8,0.95,1,-1,-1
10,0.03,4,0.8,0.95,1,-1,-1
8,0.01,5,0.8,0.95,1,-1,-1
10,0.01,5,0.8,0.95,1,-1,-1
8,0.012,5,0.8,0.95,1,-1,-1
10,0.012,5,0.8,0.95,1,-1,-1
8,0.014,5,0.8,0.95,1,-1,-1
10,0.014,5,0.8,0.95,1,-1,-1
8,0.016,5,0.8,0.95,1,-1,-1
10,0.016,5,0.8,0.95,1,-1,-1
8,0.018,5,0.8,0.95,1,-1,-1
10,0.018,5,0.8,0.95,1,-1,-1
8,0.02,5,0.8,0.95,1,-1,-1
10,0.02,5,0.8,0.95,1,-1,-1
8,0.022,5,0.8,0.95,1,-1,-1
10,0.022,5,0.8,0.95,1,-1,-1
8,0.024,5,0.8,0.95,1,-1,-1
10,0.024,5,0.8,0.95,1,-1,-1
8,0.026,5,0.8,0.95,1,-1,-1
10,0.026,5,0.8,0.95,1,-1,-1
8,0.028,5,0.8,0.95,1,-1,-1
10,0.028,5,0.8,0.95,1,-1,-1
8,0.03,5,0.8,0.95,1,-1,-1
10,0.03,5,0.8,0.95,1,-1,-1
8,0.01,6,0.8,0.95,1,-1,-1
10,0.01,6,0.8,0.95,1,-1,-1
8,0.012,6,0.8,0.95,1,-1,-1
10,0.012,6,0.8,0.95,1,-1,-1
8,0.014,6,0.8,0.95,1,-1,-1
10,0.014,6,0.8,0.95,1,-1,-1
8,0.016,6,0.8,0.95,1,-1,-1
10,0.016,6,0.8,0.95,1,-1,-1
8,0.018,6,0.8,0.95,1,-1,-1
10,0.018,6,0.8,0.95,1,-1,-1
8,0.02,6,0.8,0.95,1,-1,-1
10,0.02,6,0.8,0.95,1,-1,-1
8,0.022,6,0.8,0.95,1,-1,-1
10,0.022,6,0.8,0.95,1,-1,-1
8,0.024,6,0.8,0.95,1,-1,-1
10,0.024,6,0.8,0.95,1,-1,-1
8,0.026,6,0.8,0.95,1,-1,-1
10,0.026,6,0.8,0.95,1,-1,-1
8,0.028,6,0.8,0.95,1,-1,-1
10,0.028,6,0.8,0.95,1,-1,-1
8,0.03,6,0.8,0.95,1,-1,-1
10,0.03,6,0.8,0.95,1,-1,-1
8,0.01,7,0.8,0.95,1,-1,-1
10,0.01,7,0.8,0.95,1,-1,-1
8,0.012,7,0.8,0.95,1,-1,-1
10,0.012,7,0.8,0.95,1,-1,-1
8,0.014,7,0.8,0.95,1,-1,-1
10,0.014,7,0.8,0.95,1,-1,-1
8,0.016,7,0.8,0.95,1,-1,-1
10,0.016,7,0.8,0.95,1,-1,-1
8,0.018,7,0.8,0.95,1,-1,-1
10,0.018,7,0.8,0.95,1,-1,-1
8,0.02,7,0.8,0.95,1,-1,-1
10,0.02,7,0.8,0.95,1,-1,-1
8,0.022,7,0.8,0.95,1,-1,-1
10,0.022,7,0.8,0.95,1,-1,-1
8,0.024,7,0.8,0.95,1,-1,-1
10,0.024,7,0.8,0.95,1,-1,-1
8,0.026,7,0.8,0.95,1,-1,-1
10,0.026,7,0.8,0.95,1,-1,-1
8,0.028,7,0.8,0.95,1,-1,-1
10,0.028,7,0.8,0.95,1,-1,-1
8,0.03,7,0.8,0.95,1,-1,-1
10,0.03,7,0.8,0.95,1,-1,-1
8,0.01,4,1,0.95,1,-1,-1
10,0.01,4,1,0.95,1,-1,-1
8,0.012,4,1,0.95,1,-1,-1
10,0.012,4,1,0.95,1,-1,-1
8,0.014,4,1,0.95,1,-1,-1
10,0.014,4,1,0.95,1,-1,-1
8,0.016,4,1,0.95,1,-1,-1
10,0.016,4,1,0.95,1,-1,-1
8,0.018,4,1,0.95,1,-1,-1
10,0.018,4,1,0.95,1,-1,-1
8,0.02,4,1,0.95,1,-1,-1
10,0.02,4,1,0.95,1,-1,-1
8,0.022,4,1,0.95,1,-1,-1
10,0.022,4,1,0.95,1,-1,-1
8,0.024,4,1,0.95,1,-1,-1
10,0.024,4,1,0.95,1,-1,-1
8,0.026,4,1,0.95,1,-1,-1
10,0.026,4,1,0.95,1,-1,-1
8,0.028,4,1,0.95,1,-1,-1
10,0.028,4,1,0.95,1,-1,-1
8,0.03,4,1,0.95,1,-1,-1
10,0.03,4,1,0.95,1,-1,-1
8,0.01,5,1,0.95,1,-1,-1
10,0.01,5,1,0.95,1,-1,-1
8,0.012,5,1,0.95,1,-1,-1
10,0.012,5,1,0.95,1,-1,-1
8,0.014,5,1,0.95,1,-1,-1
10,0.014,5,1,0.95,1,-1,-1
8,0.016,5,1,0.95,1,-1,-1
10,0.016,5,1,0.95,1,-1,-1
8,0.018,5,1,0.95,1,-1,-1
10,0.018,5,1,0.95,1,-1,-1
8,0.02,5,1,0.95,1,-1,-1
10,0.02,5,1,0.95,1,-1,-1
8,0.022,5,1,0.95,1,-1,-1
10,0.022,5,1,0.95,1,-1,-1
8,0.024,5,1,0.95,1,-1,-1
10,0.024,5,1,0.95,1,-1,-1
8,0.026,5,1,0.95,1,-1,-1
10,0.026,5,1,0.95,1,-1,-1
8,0.028,5,1,0.95,1,-1,-1
10,0.028,5,1,0.95,1,-1,-1
8,0.03,5,1,0.95,1,-1,-1
10,0.03,5,1,0.95,1,-1,-1
8,0.01,6,1,0.95,1,-1,-1
10,0.01,6,1,0.95,1,-1,-1
8,0.012,6,1,0.95,1,-1,-1
10,0.012,6,1,0.95,1,-1,-1
8,0.014,6,1,0.95,1,-1,-1
10,0.014,6,1,0.95,1,-1,-1
8,0.016,6,1,0.95,1,-1,-1
10,0.016,6,1,0.95,1,-1,-1
8,0.018,6,1,0.95,1,-1,-1
10,0.018,6,1,0.95,1,-1,-1
8,0.02,6,1,0.95,1,-1,-1
10,0.02,6,1,0.95,1,-1,-1
8,0.022,6,1,0.95,1,-1,-1
10,0.022,6,1,0.95,1,-1,-1
8,0.024,6,1,0.95,1,-1,-1
10,0.024,6,1,0.95,1,-1,-1
8,0.026,6,1,0.95,1,-1,-1
10,0.026,6,1,0.95,1,-1,-1
8,0.028,6,1,0.95,1,-1,-1
10,0.028,6,1,0.95,1,-1,-1
8,0.03,6,1,0.95,1,-1,-1
10,0.03,6,1,0.95,1,-1,-1
8,0.01,7,1,0.95,1,-1,-1
10,0.01,7,1,0.95,1,-1,-1
8,0.012,7,1,0.95,1,-1,-1
10,0.012,7,1,0.95,1,-1,-1
8,0.014,7,1,0.95,1,-1,-1
10,0.014,7,1,0.95,1,-1,-1
8,0.016,7,1,0.95,1,-1,-1
10,0.016,7,1,0.95,1,-1,-1
8,0.018,7,1,0.95,1,-1,-1
10,0.018,7,1,0.95,1,-1,-1
8,0.02,7,1,0.95,1,-1,-1
10,0.02,7,1,0.95,1,-1,-1
8,0.022,7,1,0.95,1,-1,-1
10,0.022,7,1,0.95,1,-1,-1
8,0.024,7,1,0.95,1,-1,-1
10,0.024,7,1,0.95,1,-1,-1
8,0.026,7,1,0.95,1,-1,-1
10,0.026,7,1,0.95,1,-1,-1
8,0.028,7,1,0.95,1,-1,-1
10,0.028,7,1,0.95,1,-1,-1
8,0.03,7,1,0.95,1,-1,-1
10,0.03,7,1,0.95,1,-1,-1
8,0.01,4,0.85,1,1,-1,-1
10,0.01,4,0.85,1,1,-1,-1
8,0.012,4,0.85,1,1,-1,-1
10,0.012,4,0.85,1,1,-1,-1
8,0.014,4,0.85,1,1,-1,-1
10,0.014,4,0.85,1,1,-1,-1
8,0.016,4,0.85,1,1,-1,-1
10,0.016,4,0.85,1,1,-1,-1
8,0.018,4,0.85,1,1,-1,-1
10,0.018,4,0.85,1,1,-1,-1
8,0.02,4,0.85,1,1,-1,-1
10,0.02,4,0.85,1,1,-1,-1
8,0.022,4,0.85,1,1,-1,-1
10,0.022,4,0.85,1,1,-1,-1
8,0.024,4,0.85,1,1,-1,-1
10,0.024,4,0.85,1,1,-1,-1
8,0.026,4,0.85,1,1,-1,-1
10,0.026,4,0.85,1,1,-1,-1
8,0.028,4,0.85,1,1,-1,-1
10,0.028,4,0.85,1,1,-1,-1
8,0.03,4,0.85,1,1,-1,-1
10,0.03,4,0.85,1,1,-1,-1
8,0.01,5,0.85,1,1,-1,-1
10,0.01,5,0.85,1,1,-1,-1
8,0.012,5,0.85,1,1,-1,-1
10,0.012,5,0.85,1,1,-1,-1
8,0.014,5,0.85,1,1,-1,-1
10,0.014,5,0.85,1,1,-1,-1
8,0.016,5,0.85,1,1,-1,-1
10,0.016,5,0.85,1,1,-1,-1
8,0.018,5,0.85,1,1,-1,-1
10,0.018,5,0.85,1,1,-1,-1
8,0.02,5,0.85,1,1,-1,-1
10,0.02,5,0.85,1,1,-1,-1
8,0.022,5,0.85,1,1,-1,-1
10,0.022,5,0.85,1,1,-1,-1
8,0.024,5,0.85,1,1,-1,-1
10,0.024,5,0.85,1,1,-1,-1
8,0.026,5,0.85,1,1,-1,-1
10,0.026,5,0.85,1,1,-1,-1
8,0.028,5,0.85,1,1,-1,-1
10,0.028,5,0.85,1,1,-1,-1
8,0.03,5,0.85,1,1,-1,-1
10,0.03,5,0.85,1,1,-1,-1
8,0.01,6,0.85,1,1,-1,-1
10,0.01,6,0.85,1,1,-1,-1
8,0.012,6,0.85,1,1,-1,-1
10,0.012,6,0.85,1,1,-1,-1
8,0.014,6,0.85,1,1,-1,-1
10,0.014,6,0.85,1,1,-1,-1
8,0.016,6,0.85,1,1,-1,-1
10,0.016,6,0.85,1,1,-1,-1
8,0.018,6,0.85,1,1,-1,-1
10,0.018,6,0.85,1,1,-1,-1
8,0.02,6,0.85,1,1,-1,-1
10,0.02,6,0.85,1,1,-1,-1
8,0.022,6,0.85,1,1,-1,-1
10,0.022,6,0.85,1,1,-1,-1
8,0.024,6,0.85,1,1,-1,-1
10,0.024,6,0.85,1,1,-1,-1
8,0.026,6,0.85,1,1,-1,-1
10,0.026,6,0.85,1,1,-1,-1
8,0.028,6,0.85,1,1,-1,-1
10,0.028,6,0.85,1,1,-1,-1
8,0.03,6,0.85,1,1,-1,-1
10,0.03,6,0.85,1,1,-1,-1
8,0.01,7,0.85,1,1,-1,-1
10,0.01,7,0.85,1,1,-1,-1
8,0.012,7,0.85,1,1,-1,-1
10,0.012,7,0.85,1,1,-1,-1
8,0.014,7,0.85,1,1,-1,-1
10,0.014,7,0.85,1,1,-1,-1
8,0.016,7,0.85,1,1,-1,-1
10,0.016,7,0.85,1,1,-1,-1
8,0.018,7,0.85,1,1,-1,-1
10,0.018,7,0.85,1,1,-1,-1
8,0.02,7,0.85,1,1,-1,-1
10,0.02,7,0.85,1,1,-1,-1
8,0.022,7,0.85,1,1,-1,-1
10,0.022,7,0.85,1,1,-1,-1
8,0.024,7,0.85,1,1,-1,-1
10,0.024,7,0.85,1,1,-1,-1
8,0.026,7,0.85,1,1,-1,-1
10,0.026,7,0.85,1,1,-1,-1
8,0.028,7,0.85,1,1,-1,-1
10,0.028,7,0.85,1,1,-1,-1
8,0.03,7,0.85,1,1,-1,-1
10,0.03,7,0.85,1,1,-1,-1
8,0.01,4,0.8,1,1,-1,-1
10,0.01,4,0.8,1,1,-1,-1
8,0.012,4,0.8,1,1,-1,-1
10,0.012,4,0.8,1,1,-1,-1
8,0.014,4,0.8,1,1,-1,-1
10,0.014,4,0.8,1,1,-1,-1
8,0.016,4,0.8,1,1,-1,-1
10,0.016,4,0.8,1,1,-1,-1
8,0.018,4,0.8,1,1,-1,-1
10,0.018,4,0.8,1,1,-1,-1
8,0.02,4,0.8,1,1,-1,-1
10,0.02,4,0.8,1,1,-1,-1
8,0.022,4,0.8,1,1,-1,-1
10,0.022,4,0.8,1,1,-1,-1
8,0.024,4,0.8,1,1,-1,-1
10,0.024,4,0.8,1,1,-1,-1
8,0.026,4,0.8,1,1,-1,-1
10,0.026,4,0.8,1,1,-1,-1
8,0.028,4,0.8,1,1,-1,-1
10,0.028,4,0.8,1,1,-1,-1
8,0.03,4,0.8,1,1,-1,-1
10,0.03,4,0.8,1,1,-1,-1
8,0.01,5,0.8,1,1,-1,-1
10,0.01,5,0.8,1,1,-1,-1
8,0.012,5,0.8,1,1,-1,-1
10,0.012,5,0.8,1,1,-1,-1
8,0.014,5,0.8,1,1,-1,-1
10,0.014,5,0.8,1,1,-1,-1
8,0.016,5,0.8,1,1,-1,-1
10,0.016,5,0.8,1,1,-1,-1
8,0.018,5,0.8,1,1,-1,-1
10,0.018,5,0.8,1,1,-1,-1
8,0.02,5,0.8,1,1,-1,-1
10,0.02,5,0.8,1,1,-1,-1
8,0.022,5,0.8,1,1,-1,-1
10,0.022,5,0.8,1,1,-1,-1
8,0.024,5,0.8,1,1,-1,-1
10,0.024,5,0.8,1,1,-1,-1
8,0.026,5,0.8,1,1,-1,-1
10,0.026,5,0.8,1,1,-1,-1
8,0.028,5,0.8,1,1,-1,-1
10,0.028,5,0.8,1,1,-1,-1
8,0.03,5,0.8,1,1,-1,-1
10,0.03,5,0.8,1,1,-1,-1
8,0.01,6,0.8,1,1,-1,-1
10,0.01,6,0.8,1,1,-1,-1
8,0.012,6,0.8,1,1,-1,-1
10,0.012,6,0.8,1,1,-1,-1
8,0.014,6,0.8,1,1,-1,-1
10,0.014,6,0.8,1,1,-1,-1
8,0.016,6,0.8,1,1,-1,-1
10,0.016,6,0.8,1,1,-1,-1
8,0.018,6,0.8,1,1,-1,-1
10,0.018,6,0.8,1,1,-1,-1
8,0.02,6,0.8,1,1,-1,-1
10,0.02,6,0.8,1,1,-1,-1
8,0.022,6,0.8,1,1,-1,-1
10,0.022,6,0.8,1,1,-1,-1
8,0.024,6,0.8,1,1,-1,-1
10,0.024,6,0.8,1,1,-1,-1
8,0.026,6,0.8,1,1,-1,-1
10,0.026,6,0.8,1,1,-1,-1
8,0.028,6,0.8,1,1,-1,-1
10,0.028,6,0.8,1,1,-1,-1
8,0.03,6,0.8,1,1,-1,-1
10,0.03,6,0.8,1,1,-1,-1
8,0.01,7,0.8,1,1,-1,-1
10,0.01,7,0.8,1,1,-1,-1
8,0.012,7,0.8,1,1,-1,-1
10,0.012,7,0.8,1,1,-1,-1
8,0.014,7,0.8,1,1,-1,-1
10,0.014,7,0.8,1,1,-1,-1
8,0.016,7,0.8,1,1,-1,-1
10,0.016,7,0.8,1,1,-1,-1
8,0.018,7,0.8,1,1,-1,-1
10,0.018,7,0.8,1,1,-1,-1
8,0.02,7,0.8,1,1,-1,-1
10,0.02,7,0.8,1,1,-1,-1
8,0.022,7,0.8,1,1,-1,-1
10,0.022,7,0.8,1,1,-1,-1
8,0.024,7,0.8,1,1,-1,-1
10,0.024,7,0.8,1,1,-1,-1
8,0.026,7,0.8,1,1,-1,-1
10,0.026,7,0.8,1,1,-1,-1
8,0.028,7,0.8,1,1,-1,-1
10,0.028,7,0.8,1,1,-1,-1
8,0.03,7,0.8,1,1,-1,-1
10,0.03,7,0.8,1,1,-1,-1
8,0.01,4,1,1,1,-1,-1
10,0.01,4,1,1,1,-1,-1
8,0.012,4,1,1,1,-1,-1
10,0.012,4,1,1,1,-1,-1
8,0.014,4,1,1,1,-1,-1
10,0.014,4,1,1,1,-1,-1
8,0.016,4,1,1,1,-1,-1
10,0.016,4,1,1,1,-1,-1
8,0.018,4,1,1,1,-1,-1
10,0.018,4,1,1,1,-1,-1
8,0.02,4,1,1,1,-1,-1
10,0.02,4,1,1,1,-1,-1
8,0.022,4,1,1,1,-1,-1
10,0.022,4,1,1,1,-1,-1
8,0.024,4,1,1,1,-1,-1
10,0.024,4,1,1,1,-1,-1
8,0.026,4,1,1,1,-1,-1
10,0.026,4,1,1,1,-1,-1
8,0.028,4,1,1,1,-1,-1
10,0.028,4,1,1,1,-1,-1
8,0.03,4,1,1,1,-1,-1
10,0.03,4,1,1,1,-1,-1
8,0.01,5,1,1,1,-1,-1
10,0.01,5,1,1,1,-1,-1
8,0.012,5,1,1,1,-1,-1
10,0.012,5,1,1,1,-1,-1
8,0.014,5,1,1,1,-1,-1
10,0.014,5,1,1,1,-1,-1
8,0.016,5,1,1,1,-1,-1
10,0.016,5,1,1,1,-1,-1
8,0.018,5,1,1,1,-1,-1
10,0.018,5,1,1,1,-1,-1
8,0.02,5,1,1,1,-1,-1
10,0.02,5,1,1,1,-1,-1
8,0.022,5,1,1,1,-1,-1
10,0.022,5,1,1,1,-1,-1
8,0.024,5,1,1,1,-1,-1
10,0.024,5,1,1,1,-1,-1
8,0.026,5,1,1,1,-1,-1
10,0.026,5,1,1,1,-1,-1
8,0.028,5,1,1,1,-1,-1
10,0.028,5,1,1,1,-1,-1
8,0.03,5,1,1,1,-1,-1
10,0.03,5,1,1,1,-1,-1
8,0.01,6,1,1,1,-1,-1
10,0.01,6,1,1,1,-1,-1
8,0.012,6,1,1,1,-1,-1
10,0.012,6,1,1,1,-1,-1
8,0.014,6,1,1,1,-1,-1
10,0.014,6,1,1,1,-1,-1
8,0.016,6,1,1,1,-1,-1
10,0.016,6,1,1,1,-1,-1
8,0.018,6,1,1,1,-1,-1
10,0.018,6,1,1,1,-1,-1
8,0.02,6,1,1,1,-1,-1
10,0.02,6,1,1,1,-1,-1
8,0.022,6,1,1,1,-1,-1
10,0.022,6,1,1,1,-1,-1
8,0.024,6,1,1,1,-1,-1
10,0.024,6,1,1,1,-1,-1
8,0.026,6,1,1,1,-1,-1
10,0.026,6,1,1,1,-1,-1
8,0.028,6,1,1,1,-1,-1
10,0.028,6,1,1,1,-1,-1
8,0.03,6,1,1,1,-1,-1
10,0.03,6,1,1,1,-1,-1
8,0.01,7,1,1,1,-1,-1
10,0.01,7,1,1,1,-1,-1
8,0.012,7,1,1,1,-1,-1
10,0.012,7,1,1,1,-1,-1
8,0.014,7,1,1,1,-1,-1
10,0.014,7,1,1,1,-1,-1
8,0.016,7,1,1,1,-1,-1
10,0.016,7,1,1,1,-1,-1
8,0.018,7,1,1,1,-1,-1
10,0.018,7,1,1,1,-1,-1
8,0.02,7,1,1,1,-1,-1
10,0.02,7,1,1,1,-1,-1
8,0.022,7,1,1,1,-1,-1
10,0.022,7,1,1,1,-1,-1
8,0.024,7,1,1,1,-1,-1
10,0.024,7,1,1,1,-1,-1
8,0.026,7,1,1,1,-1,-1
10,0.026,7,1,1,1,-1,-1
8,0.028,7,1,1,1,-1,-1
10,0.028,7,1,1,1,-1,-1
8,0.03,7,1,1,1,-1,-1
10,0.03,7,1,1,1,-1,-1
8,0.01,4,0.85,0.8,3,-1,-1
10,0.01,4,0.85,0.8,3,-1,-1
8,0.012,4,0.85,0.8,3,-1,-1
10,0.012,4,0.85,0.8,3,-1,-1
8,0.014,4,0.85,0.8,3,-1,-1
10,0.014,4,0.85,0.8,3,-1,-1
8,0.016,4,0.85,0.8,3,-1,-1
10,0.016,4,0.85,0.8,3,-1,-1
8,0.018,4,0.85,0.8,3,-1,-1
10,0.018,4,0.85,0.8,3,-1,-1
8,0.02,4,0.85,0.8,3,-1,-1
10,0.02,4,0.85,0.8,3,-1,-1
8,0.022,4,0.85,0.8,3,-1,-1
10,0.022,4,0.85,0.8,3,-1,-1
8,0.024,4,0.85,0.8,3,-1,-1
10,0.024,4,0.85,0.8,3,-1,-1
8,0.026,4,0.85,0.8,3,-1,-1
10,0.026,4,0.85,0.8,3,-1,-1
8,0.028,4,0.85,0.8,3,-1,-1
10,0.028,4,0.85,0.8,3,-1,-1
8,0.03,4,0.85,0.8,3,-1,-1
10,0.03,4,0.85,0.8,3,-1,-1
8,0.01,5,0.85,0.8,3,-1,-1
10,0.01,5,0.85,0.8,3,-1,-1
8,0.012,5,0.85,0.8,3,-1,-1
10,0.012,5,0.85,0.8,3,-1,-1
8,0.014,5,0.85,0.8,3,-1,-1
10,0.014,5,0.85,0.8,3,-1,-1
8,0.016,5,0.85,0.8,3,-1,-1
10,0.016,5,0.85,0.8,3,-1,-1
8,0.018,5,0.85,0.8,3,-1,-1
10,0.018,5,0.85,0.8,3,-1,-1
8,0.02,5,0.85,0.8,3,-1,-1
10,0.02,5,0.85,0.8,3,-1,-1
8,0.022,5,0.85,0.8,3,-1,-1
10,0.022,5,0.85,0.8,3,-1,-1
8,0.024,5,0.85,0.8,3,-1,-1
10,0.024,5,0.85,0.8,3,-1,-1
8,0.026,5,0.85,0.8,3,-1,-1
10,0.026,5,0.85,0.8,3,-1,-1
8,0.028,5,0.85,0.8,3,-1,-1
10,0.028,5,0.85,0.8,3,-1,-1
8,0.03,5,0.85,0.8,3,-1,-1
10,0.03,5,0.85,0.8,3,-1,-1
8,0.01,6,0.85,0.8,3,-1,-1
10,0.01,6,0.85,0.8,3,-1,-1
8,0.012,6,0.85,0.8,3,-1,-1
10,0.012,6,0.85,0.8,3,-1,-1
8,0.014,6,0.85,0.8,3,-1,-1
10,0.014,6,0.85,0.8,3,-1,-1
8,0.016,6,0.85,0.8,3,-1,-1
10,0.016,6,0.85,0.8,3,-1,-1
8,0.018,6,0.85,0.8,3,-1,-1
10,0.018,6,0.85,0.8,3,-1,-1
8,0.02,6,0.85,0.8,3,-1,-1
10,0.02,6,0.85,0.8,3,-1,-1
8,0.022,6,0.85,0.8,3,-1,-1
10,0.022,6,0.85,0.8,3,-1,-1
8,0.024,6,0.85,0.8,3,-1,-1
10,0.024,6,0.85,0.8,3,-1,-1
8,0.026,6,0.85,0.8,3,-1,-1
10,0.026,6,0.85,0.8,3,-1,-1
8,0.028,6,0.85,0.8,3,-1,-1
10,0.028,6,0.85,0.8,3,-1,-1
8,0.03,6,0.85,0.8,3,-1,-1
10,0.03,6,0.85,0.8,3,-1,-1
8,0.01,7,0.85,0.8,3,-1,-1
10,0.01,7,0.85,0.8,3,-1,-1
8,0.012,7,0.85,0.8,3,-1,-1
10,0.012,7,0.85,0.8,3,-1,-1
8,0.014,7,0.85,0.8,3,-1,-1
10,0.014,7,0.85,0.8,3,-1,-1
8,0.016,7,0.85,0.8,3,-1,-1
10,0.016,7,0.85,0.8,3,-1,-1
8,0.018,7,0.85,0.8,3,-1,-1
10,0.018,7,0.85,0.8,3,-1,-1
8,0.02,7,0.85,0.8,3,-1,-1
10,0.02,7,0.85,0.8,3,-1,-1
8,0.022,7,0.85,0.8,3,-1,-1
10,0.022,7,0.85,0.8,3,-1,-1
8,0.024,7,0.85,0.8,3,-1,-1
10,0.024,7,0.85,0.8,3,-1,-1
8,0.026,7,0.85,0.8,3,-1,-1
10,0.026,7,0.85,0.8,3,-1,-1
8,0.028,7,0.85,0.8,3,-1,-1
10,0.028,7,0.85,0.8,3,-1,-1
8,0.03,7,0.85,0.8,3,-1,-1
10,0.03,7,0.85,0.8,3,-1,-1
8,0.01,4,0.8,0.8,3,-1,-1
10,0.01,4,0.8,0.8,3,-1,-1
8,0.012,4,0.8,0.8,3,-1,-1
10,0.012,4,0.8,0.8,3,-1,-1
8,0.014,4,0.8,0.8,3,-1,-1
10,0.014,4,0.8,0.8,3,-1,-1
8,0.016,4,0.8,0.8,3,-1,-1
10,0.016,4,0.8,0.8,3,-1,-1
8,0.018,4,0.8,0.8,3,-1,-1
10,0.018,4,0.8,0.8,3,-1,-1
8,0.02,4,0.8,0.8,3,-1,-1
10,0.02,4,0.8,0.8,3,-1,-1
8,0.022,4,0.8,0.8,3,-1,-1
10,0.022,4,0.8,0.8,3,-1,-1
8,0.024,4,0.8,0.8,3,-1,-1
10,0.024,4,0.8,0.8,3,-1,-1
8,0.026,4,0.8,0.8,3,-1,-1
10,0.026,4,0.8,0.8,3,-1,-1
8,0.028,4,0.8,0.8,3,-1,-1
10,0.028,4,0.8,0.8,3,-1,-1
8,0.03,4,0.8,0.8,3,-1,-1
10,0.03,4,0.8,0.8,3,-1,-1
8,0.01,5,0.8,0.8,3,-1,-1
10,0.01,5,0.8,0.8,3,-1,-1
8,0.012,5,0.8,0.8,3,-1,-1
10,0.012,5,0.8,0.8,3,-1,-1
8,0.014,5,0.8,0.8,3,-1,-1
10,0.014,5,0.8,0.8,3,-1,-1
8,0.016,5,0.8,0.8,3,-1,-1
10,0.016,5,0.8,0.8,3,-1,-1
8,0.018,5,0.8,0.8,3,-1,-1
10,0.018,5,0.8,0.8,3,-1,-1
8,0.02,5,0.8,0.8,3,-1,-1
10,0.02,5,0.8,0.8,3,-1,-1
8,0.022,5,0.8,0.8,3,-1,-1
10,0.022,5,0.8,0.8,3,-1,-1
8,0.024,5,0.8,0.8,3,-1,-1
10,0.024,5,0.8,0.8,3,-1,-1
8,0.026,5,0.8,0.8,3,-1,-1
10,0.026,5,0.8,0.8,3,-1,-1
8,0.028,5,0.8,0.8,3,-1,-1
10,0.028,5,0.8,0.8,3,-1,-1
8,0.03,5,0.8,0.8,3,-1,-1
10,0.03,5,0.8,0.8,3,-1,-1
8,0.01,6,0.8,0.8,3,-1,-1
10,0.01,6,0.8,0.8,3,-1,-1
8,0.012,6,0.8,0.8,3,-1,-1
10,0.012,6,0.8,0.8,3,-1,-1
8,0.014,6,0.8,0.8,3,-1,-1
10,0.014,6,0.8,0.8,3,-1,-1
8,0.016,6,0.8,0.8,3,-1,-1
10,0.016,6,0.8,0.8,3,-1,-1
8,0.018,6,0.8,0.8,3,-1,-1
10,0.018,6,0.8,0.8,3,-1,-1
8,0.02,6,0.8,0.8,3,-1,-1
10,0.02,6,0.8,0.8,3,-1,-1
8,0.022,6,0.8,0.8,3,-1,-1
10,0.022,6,0.8,0.8,3,-1,-1
8,0.024,6,0.8,0.8,3,-1,-1
10,0.024,6,0.8,0.8,3,-1,-1
8,0.026,6,0.8,0.8,3,-1,-1
10,0.026,6,0.8,0.8,3,-1,-1
8,0.028,6,0.8,0.8,3,-1,-1
10,0.028,6,0.8,0.8,3,-1,-1
8,0.03,6,0.8,0.8,3,-1,-1
10,0.03,6,0.8,0.8,3,-1,-1
8,0.01,7,0.8,0.8,3,-1,-1
10,0.01,7,0.8,0.8,3,-1,-1
8,0.012,7,0.8,0.8,3,-1,-1
10,0.012,7,0.8,0.8,3,-1,-1
8,0.014,7,0.8,0.8,3,-1,-1
10,0.014,7,0.8,0.8,3,-1,-1
8,0.016,7,0.8,0.8,3,-1,-1
10,0.016,7,0.8,0.8,3,-1,-1
8,0.018,7,0.8,0.8,3,-1,-1
10,0.018,7,0.8,0.8,3,-1,-1
8,0.02,7,0.8,0.8,3,-1,-1
10,0.02,7,0.8,0.8,3,-1,-1
8,0.022,7,0.8,0.8,3,-1,-1
10,0.022,7,0.8,0.8,3,-1,-1
8,0.024,7,0.8,0.8,3,-1,-1
10,0.024,7,0.8,0.8,3,-1,-1
8,0.026,7,0.8,0.8,3,-1,-1
10,0.026,7,0.8,0.8,3,-1,-1
8,0.028,7,0.8,0.8,3,-1,-1
10,0.028,7,0.8,0.8,3,-1,-1
8,0.03,7,0.8,0.8,3,-1,-1
10,0.03,7,0.8,0.8,3,-1,-1
8,0.01,4,1,0.8,3,-1,-1
10,0.01,4,1,0.8,3,-1,-1
8,0.012,4,1,0.8,3,-1,-1
10,0.012,4,1,0.8,3,-1,-1
8,0.014,4,1,0.8,3,-1,-1
10,0.014,4,1,0.8,3,-1,-1
8,0.016,4,1,0.8,3,-1,-1
10,0.016,4,1,0.8,3,-1,-1
8,0.018,4,1,0.8,3,-1,-1
10,0.018,4,1,0.8,3,-1,-1
8,0.02,4,1,0.8,3,-1,-1
10,0.02,4,1,0.8,3,-1,-1
8,0.022,4,1,0.8,3,-1,-1
10,0.022,4,1,0.8,3,-1,-1
8,0.024,4,1,0.8,3,-1,-1
10,0.024,4,1,0.8,3,-1,-1
8,0.026,4,1,0.8,3,-1,-1
10,0.026,4,1,0.8,3,-1,-1
8,0.028,4,1,0.8,3,-1,-1
10,0.028,4,1,0.8,3,-1,-1
8,0.03,4,1,0.8,3,-1,-1
10,0.03,4,1,0.8,3,-1,-1
8,0.01,5,1,0.8,3,-1,-1
10,0.01,5,1,0.8,3,-1,-1
8,0.012,5,1,0.8,3,-1,-1
10,0.012,5,1,0.8,3,-1,-1
8,0.014,5,1,0.8,3,-1,-1
10,0.014,5,1,0.8,3,-1,-1
8,0.016,5,1,0.8,3,-1,-1
10,0.016,5,1,0.8,3,-1,-1
8,0.018,5,1,0.8,3,-1,-1
10,0.018,5,1,0.8,3,-1,-1
8,0.02,5,1,0.8,3,-1,-1
10,0.02,5,1,0.8,3,-1,-1
8,0.022,5,1,0.8,3,-1,-1
10,0.022,5,1,0.8,3,-1,-1
8,0.024,5,1,0.8,3,-1,-1
10,0.024,5,1,0.8,3,-1,-1
8,0.026,5,1,0.8,3,-1,-1
10,0.026,5,1,0.8,3,-1,-1
8,0.028,5,1,0.8,3,-1,-1
10,0.028,5,1,0.8,3,-1,-1
8,0.03,5,1,0.8,3,-1,-1
10,0.03,5,1,0.8,3,-1,-1
8,0.01,6,1,0.8,3,-1,-1
10,0.01,6,1,0.8,3,-1,-1
8,0.012,6,1,0.8,3,-1,-1
10,0.012,6,1,0.8,3,-1,-1
8,0.014,6,1,0.8,3,-1,-1
10,0.014,6,1,0.8,3,-1,-1
8,0.016,6,1,0.8,3,-1,-1
10,0.016,6,1,0.8,3,-1,-1
8,0.018,6,1,0.8,3,-1,-1
10,0.018,6,1,0.8,3,-1,-1
8,0.02,6,1,0.8,3,-1,-1
10,0.02,6,1,0.8,3,-1,-1
8,0.022,6,1,0.8,3,-1,-1
10,0.022,6,1,0.8,3,-1,-1
8,0.024,6,1,0.8,3,-1,-1
10,0.024,6,1,0.8,3,-1,-1
8,0.026,6,1,0.8,3,-1,-1
10,0.026,6,1,0.8,3,-1,-1
8,0.028,6,1,0.8,3,-1,-1
10,0.028,6,1,0.8,3,-1,-1
8,0.03,6,1,0.8,3,-1,-1
10,0.03,6,1,0.8,3,-1,-1
8,0.01,7,1,0.8,3,-1,-1
10,0.01,7,1,0.8,3,-1,-1
8,0.012,7,1,0.8,3,-1,-1
10,0.012,7,1,0.8,3,-1,-1
8,0.014,7,1,0.8,3,-1,-1
10,0.014,7,1,0.8,3,-1,-1
8,0.016,7,1,0.8,3,-1,-1
10,0.016,7,1,0.8,3,-1,-1
8,0.018,7,1,0.8,3,-1,-1
10,0.018,7,1,0.8,3,-1,-1
8,0.02,7,1,0.8,3,-1,-1
10,0.02,7,1,0.8,3,-1,-1
8,0.022,7,1,0.8,3,-1,-1
10,0.022,7,1,0.8,3,-1,-1
8,0.024,7,1,0.8,3,-1,-1
10,0.024,7,1,0.8,3,-1,-1
8,0.026,7,1,0.8,3,-1,-1
10,0.026,7,1,0.8,3,-1,-1
8,0.028,7,1,0.8,3,-1,-1
10,0.028,7,1,0.8,3,-1,-1
8,0.03,7,1,0.8,3,-1,-1
10,0.03,7,1,0.8,3,-1,-1
8,0.01,4,0.85,0.95,3,-1,-1
10,0.01,4,0.85,0.95,3,-1,-1
8,0.012,4,0.85,0.95,3,-1,-1
10,0.012,4,0.85,0.95,3,-1,-1
8,0.014,4,0.85,0.95,3,-1,-1
10,0.014,4,0.85,0.95,3,-1,-1
8,0.016,4,0.85,0.95,3,-1,-1
10,0.016,4,0.85,0.95,3,-1,-1
8,0.018,4,0.85,0.95,3,-1,-1
10,0.018,4,0.85,0.95,3,-1,-1
8,0.02,4,0.85,0.95,3,-1,-1
10,0.02,4,0.85,0.95,3,-1,-1
8,0.022,4,0.85,0.95,3,-1,-1
10,0.022,4,0.85,0.95,3,-1,-1
8,0.024,4,0.85,0.95,3,-1,-1
10,0.024,4,0.85,0.95,3,-1,-1
8,0.026,4,0.85,0.95,3,-1,-1
10,0.026,4,0.85,0.95,3,-1,-1
8,0.028,4,0.85,0.95,3,-1,-1
10,0.028,4,0.85,0.95,3,-1,-1
8,0.03,4,0.85,0.95,3,-1,-1
10,0.03,4,0.85,0.95,3,-1,-1
8,0.01,5,0.85,0.95,3,-1,-1
10,0.01,5,0.85,0.95,3,-1,-1
8,0.012,5,0.85,0.95,3,-1,-1
10,0.012,5,0.85,0.95,3,-1,-1
8,0.014,5,0.85,0.95,3,-1,-1
10,0.014,5,0.85,0.95,3,-1,-1
8,0.016,5,0.85,0.95,3,-1,-1
10,0.016,5,0.85,0.95,3,-1,-1
8,0.018,5,0.85,0.95,3,-1,-1
10,0.018,5,0.85,0.95,3,-1,-1
8,0.02,5,0.85,0.95,3,-1,-1
10,0.02,5,0.85,0.95,3,-1,-1
8,0.022,5,0.85,0.95,3,-1,-1
10,0.022,5,0.85,0.95,3,-1,-1
8,0.024,5,0.85,0.95,3,-1,-1
10,0.024,5,0.85,0.95,3,-1,-1
8,0.026,5,0.85,0.95,3,-1,-1
10,0.026,5,0.85,0.95,3,-1,-1
8,0.028,5,0.85,0.95,3,-1,-1
10,0.028,5,0.85,0.95,3,-1,-1
8,0.03,5,0.85,0.95,3,-1,-1
10,0.03,5,0.85,0.95,3,-1,-1
8,0.01,6,0.85,0.95,3,-1,-1
10,0.01,6,0.85,0.95,3,-1,-1
8,0.012,6,0.85,0.95,3,-1,-1
10,0.012,6,0.85,0.95,3,-1,-1
8,0.014,6,0.85,0.95,3,-1,-1
10,0.014,6,0.85,0.95,3,-1,-1
8,0.016,6,0.85,0.95,3,-1,-1
10,0.016,6,0.85,0.95,3,-1,-1
8,0.018,6,0.85,0.95,3,-1,-1
10,0.018,6,0.85,0.95,3,-1,-1
8,0.02,6,0.85,0.95,3,-1,-1
10,0.02,6,0.85,0.95,3,-1,-1
8,0.022,6,0.85,0.95,3,-1,-1
10,0.022,6,0.85,0.95,3,-1,-1
8,0.024,6,0.85,0.95,3,-1,-1
10,0.024,6,0.85,0.95,3,-1,-1
8,0.026,6,0.85,0.95,3,-1,-1
10,0.026,6,0.85,0.95,3,-1,-1
8,0.028,6,0.85,0.95,3,-1,-1
10,0.028,6,0.85,0.95,3,-1,-1
8,0.03,6,0.85,0.95,3,-1,-1
10,0.03,6,0.85,0.95,3,-1,-1
8,0.01,7,0.85,0.95,3,-1,-1
10,0.01,7,0.85,0.95,3,-1,-1
8,0.012,7,0.85,0.95,3,-1,-1
10,0.012,7,0.85,0.95,3,-1,-1
8,0.014,7,0.85,0.95,3,-1,-1
10,0.014,7,0.85,0.95,3,-1,-1
8,0.016,7,0.85,0.95,3,-1,-1
10,0.016,7,0.85,0.95,3,-1,-1
8,0.018,7,0.85,0.95,3,-1,-1
10,0.018,7,0.85,0.95,3,-1,-1
8,0.02,7,0.85,0.95,3,-1,-1
10,0.02,7,0.85,0.95,3,-1,-1
8,0.022,7,0.85,0.95,3,-1,-1
10,0.022,7,0.85,0.95,3,-1,-1
8,0.024,7,0.85,0.95,3,-1,-1
10,0.024,7,0.85,0.95,3,-1,-1
8,0.026,7,0.85,0.95,3,-1,-1
10,0.026,7,0.85,0.95,3,-1,-1
8,0.028,7,0.85,0.95,3,-1,-1
10,0.028,7,0.85,0.95,3,-1,-1
8,0.03,7,0.85,0.95,3,-1,-1
10,0.03,7,0.85,0.95,3,-1,-1
8,0.01,4,0.8,0.95,3,-1,-1
10,0.01,4,0.8,0.95,3,-1,-1
8,0.012,4,0.8,0.95,3,-1,-1
10,0.012,4,0.8,0.95,3,-1,-1
8,0.014,4,0.8,0.95,3,-1,-1
10,0.014,4,0.8,0.95,3,-1,-1
8,0.016,4,0.8,0.95,3,-1,-1
10,0.016,4,0.8,0.95,3,-1,-1
8,0.018,4,0.8,0.95,3,-1,-1
10,0.018,4,0.8,0.95,3,-1,-1
8,0.02,4,0.8,0.95,3,-1,-1
10,0.02,4,0.8,0.95,3,-1,-1
8,0.022,4,0.8,0.95,3,-1,-1
10,0.022,4,0.8,0.95,3,-1,-1
8,0.024,4,0.8,0.95,3,-1,-1
10,0.024,4,0.8,0.95,3,-1,-1
8,0.026,4,0.8,0.95,3,-1,-1
10,0.026,4,0.8,0.95,3,-1,-1
8,0.028,4,0.8,0.95,3,-1,-1
10,0.028,4,0.8,0.95,3,-1,-1
8,0.03,4,0.8,0.95,3,-1,-1
10,0.03,4,0.8,0.95,3,-1,-1
8,0.01,5,0.8,0.95,3,-1,-1
10,0.01,5,0.8,0.95,3,-1,-1
8,0.012,5,0.8,0.95,3,-1,-1
10,0.012,5,0.8,0.95,3,-1,-1
8,0.014,5,0.8,0.95,3,-1,-1
10,0.014,5,0.8,0.95,3,-1,-1
8,0.016,5,0.8,0.95,3,-1,-1
10,0.016,5,0.8,0.95,3,-1,-1
8,0.018,5,0.8,0.95,3,-1,-1
10,0.018,5,0.8,0.95,3,-1,-1
8,0.02,5,0.8,0.95,3,-1,-1
10,0.02,5,0.8,0.95,3,-1,-1
8,0.022,5,0.8,0.95,3,-1,-1
10,0.022,5,0.8,0.95,3,-1,-1
8,0.024,5,0.8,0.95,3,-1,-1
10,0.024,5,0.8,0.95,3,-1,-1
8,0.026,5,0.8,0.95,3,-1,-1
10,0.026,5,0.8,0.95,3,-1,-1
8,0.028,5,0.8,0.95,3,-1,-1
10,0.028,5,0.8,0.95,3,-1,-1
8,0.03,5,0.8,0.95,3,-1,-1
10,0.03,5,0.8,0.95,3,-1,-1
8,0.01,6,0.8,0.95,3,-1,-1
10,0.01,6,0.8,0.95,3,-1,-1
8,0.012,6,0.8,0.95,3,-1,-1
10,0.012,6,0.8,0.95,3,-1,-1
8,0.014,6,0.8,0.95,3,-1,-1
10,0.014,6,0.8,0.95,3,-1,-1
8,0.016,6,0.8,0.95,3,-1,-1
10,0.016,6,0.8,0.95,3,-1,-1
8,0.018,6,0.8,0.95,3,-1,-1
10,0.018,6,0.8,0.95,3,-1,-1
8,0.02,6,0.8,0.95,3,-1,-1
10,0.02,6,0.8,0.95,3,-1,-1
8,0.022,6,0.8,0.95,3,-1,-1
10,0.022,6,0.8,0.95,3,-1,-1
8,0.024,6,0.8,0.95,3,-1,-1
10,0.024,6,0.8,0.95,3,-1,-1
8,0.026,6,0.8,0.95,3,-1,-1
10,0.026,6,0.8,0.95,3,-1,-1
8,0.028,6,0.8,0.95,3,-1,-1
10,0.028,6,0.8,0.95,3,-1,-1
8,0.03,6,0.8,0.95,3,-1,-1
10,0.03,6,0.8,0.95,3,-1,-1
8,0.01,7,0.8,0.95,3,-1,-1
10,0.01,7,0.8,0.95,3,-1,-1
8,0.012,7,0.8,0.95,3,-1,-1
10,0.012,7,0.8,0.95,3,-1,-1
8,0.014,7,0.8,0.95,3,-1,-1
10,0.014,7,0.8,0.95,3,-1,-1
8,0.016,7,0.8,0.95,3,-1,-1
10,0.016,7,0.8,0.95,3,-1,-1
8,0.018,7,0.8,0.95,3,-1,-1
10,0.018,7,0.8,0.95,3,-1,-1
8,0.02,7,0.8,0.95,3,-1,-1
10,0.02,7,0.8,0.95,3,-1,-1
8,0.022,7,0.8,0.95,3,-1,-1
10,0.022,7,0.8,0.95,3,-1,-1
8,0.024,7,0.8,0.95,3,-1,-1
10,0.024,7,0.8,0.95,3,-1,-1
8,0.026,7,0.8,0.95,3,-1,-1
10,0.026,7,0.8,0.95,3,-1,-1
8,0.028,7,0.8,0.95,3,-1,-1
10,0.028,7,0.8,0.95,3,-1,-1
8,0.03,7,0.8,0.95,3,-1,-1
10,0.03,7,0.8,0.95,3,-1,-1
8,0.01,4,1,0.95,3,-1,-1
10,0.01,4,1,0.95,3,-1,-1
8,0.012,4,1,0.95,3,-1,-1
10,0.012,4,1,0.95,3,-1,-1
8,0.014,4,1,0.95,3,-1,-1
10,0.014,4,1,0.95,3,-1,-1
8,0.016,4,1,0.95,3,-1,-1
10,0.016,4,1,0.95,3,-1,-1
8,0.018,4,1,0.95,3,-1,-1
10,0.018,4,1,0.95,3,-1,-1
8,0.02,4,1,0.95,3,-1,-1
10,0.02,4,1,0.95,3,-1,-1
8,0.022,4,1,0.95,3,-1,-1
10,0.022,4,1,0.95,3,-1,-1
8,0.024,4,1,0.95,3,-1,-1
10,0.024,4,1,0.95,3,-1,-1
8,0.026,4,1,0.95,3,-1,-1
10,0.026,4,1,0.95,3,-1,-1
8,0.028,4,1,0.95,3,-1,-1
10,0.028,4,1,0.95,3,-1,-1
8,0.03,4,1,0.95,3,-1,-1
10,0.03,4,1,0.95,3,-1,-1
8,0.01,5,1,0.95,3,-1,-1
10,0.01,5,1,0.95,3,-1,-1
8,0.012,5,1,0.95,3,-1,-1
10,0.012,5,1,0.95,3,-1,-1
8,0.014,5,1,0.95,3,-1,-1
10,0.014,5,1,0.95,3,-1,-1
8,0.016,5,1,0.95,3,-1,-1
10,0.016,5,1,0.95,3,-1,-1
8,0.018,5,1,0.95,3,-1,-1
10,0.018,5,1,0.95,3,-1,-1
8,0.02,5,1,0.95,3,-1,-1
10,0.02,5,1,0.95,3,-1,-1
8,0.022,5,1,0.95,3,-1,-1
10,0.022,5,1,0.95,3,-1,-1
8,0.024,5,1,0.95,3,-1,-1
10,0.024,5,1,0.95,3,-1,-1
8,0.026,5,1,0.95,3,-1,-1
10,0.026,5,1,0.95,3,-1,-1
8,0.028,5,1,0.95,3,-1,-1
10,0.028,5,1,0.95,3,-1,-1
8,0.03,5,1,0.95,3,-1,-1
10,0.03,5,1,0.95,3,-1,-1
8,0.01,6,1,0.95,3,-1,-1
10,0.01,6,1,0.95,3,-1,-1
8,0.012,6,1,0.95,3,-1,-1
10,0.012,6,1,0.95,3,-1,-1
8,0.014,6,1,0.95,3,-1,-1
10,0.014,6,1,0.95,3,-1,-1
8,0.016,6,1,0.95,3,-1,-1
10,0.016,6,1,0.95,3,-1,-1
8,0.018,6,1,0.95,3,-1,-1
10,0.018,6,1,0.95,3,-1,-1
8,0.02,6,1,0.95,3,-1,-1
10,0.02,6,1,0.95,3,-1,-1
8,0.022,6,1,0.95,3,-1,-1
10,0.022,6,1,0.95,3,-1,-1
8,0.024,6,1,0.95,3,-1,-1
10,0.024,6,1,0.95,3,-1,-1
8,0.026,6,1,0.95,3,-1,-1
10,0.026,6,1,0.95,3,-1,-1
8,0.028,6,1,0.95,3,-1,-1
10,0.028,6,1,0.95,3,-1,-1
8,0.03,6,1,0.95,3,-1,-1
10,0.03,6,1,0.95,3,-1,-1
8,0.01,7,1,0.95,3,-1,-1
10,0.01,7,1,0.95,3,-1,-1
8,0.012,7,1,0.95,3,-1,-1
10,0.012,7,1,0.95,3,-1,-1
8,0.014,7,1,0.95,3,-1,-1
10,0.014,7,1,0.95,3,-1,-1
8,0.016,7,1,0.95,3,-1,-1
10,0.016,7,1,0.95,3,-1,-1
8,0.018,7,1,0.95,3,-1,-1
10,0.018,7,1,0.95,3,-1,-1
8,0.02,7,1,0.95,3,-1,-1
10,0.02,7,1,0.95,3,-1,-1
8,0.022,7,1,0.95,3,-1,-1
10,0.022,7,1,0.95,3,-1,-1
8,0.024,7,1,0.95,3,-1,-1
10,0.024,7,1,0.95,3,-1,-1
8,0.026,7,1,0.95,3,-1,-1
10,0.026,7,1,0.95,3,-1,-1
8,0.028,7,1,0.95,3,-1,-1
10,0.028,7,1,0.95,3,-1,-1
8,0.03,7,1,0.95,3,-1,-1
10,0.03,7,1,0.95,3,-1,-1
8,0.01,4,0.85,1,3,-1,-1
10,0.01,4,0.85,1,3,-1,-1
8,0.012,4,0.85,1,3,-1,-1
10,0.012,4,0.85,1,3,-1,-1
8,0.014,4,0.85,1,3,-1,-1
10,0.014,4,0.85,1,3,-1,-1
8,0.016,4,0.85,1,3,-1,-1
10,0.016,4,0.85,1,3,-1,-1
8,0.018,4,0.85,1,3,-1,-1
10,0.018,4,0.85,1,3,-1,-1
8,0.02,4,0.85,1,3,-1,-1
10,0.02,4,0.85,1,3,-1,-1
8,0.022,4,0.85,1,3,-1,-1
10,0.022,4,0.85,1,3,-1,-1
8,0.024,4,0.85,1,3,-1,-1
10,0.024,4,0.85,1,3,-1,-1
8,0.026,4,0.85,1,3,-1,-1
10,0.026,4,0.85,1,3,-1,-1
8,0.028,4,0.85,1,3,-1,-1
10,0.028,4,0.85,1,3,-1,-1
8,0.03,4,0.85,1,3,-1,-1
10,0.03,4,0.85,1,3,-1,-1
8,0.01,5,0.85,1,3,-1,-1
10,0.01,5,0.85,1,3,-1,-1
8,0.012,5,0.85,1,3,-1,-1
10,0.012,5,0.85,1,3,-1,-1
8,0.014,5,0.85,1,3,-1,-1
10,0.014,5,0.85,1,3,-1,-1
8,0.016,5,0.85,1,3,-1,-1
10,0.016,5,0.85,1,3,-1,-1
8,0.018,5,0.85,1,3,-1,-1
10,0.018,5,0.85,1,3,-1,-1
8,0.02,5,0.85,1,3,-1,-1
10,0.02,5,0.85,1,3,-1,-1
8,0.022,5,0.85,1,3,-1,-1
10,0.022,5,0.85,1,3,-1,-1
8,0.024,5,0.85,1,3,-1,-1
10,0.024,5,0.85,1,3,-1,-1
8,0.026,5,0.85,1,3,-1,-1
10,0.026,5,0.85,1,3,-1,-1
8,0.028,5,0.85,1,3,-1,-1
10,0.028,5,0.85,1,3,-1,-1
8,0.03,5,0.85,1,3,-1,-1
10,0.03,5,0.85,1,3,-1,-1
8,0.01,6,0.85,1,3,-1,-1
10,0.01,6,0.85,1,3,-1,-1
8,0.012,6,0.85,1,3,-1,-1
10,0.012,6,0.85,1,3,-1,-1
8,0.014,6,0.85,1,3,-1,-1
10,0.014,6,0.85,1,3,-1,-1
8,0.016,6,0.85,1,3,-1,-1
10,0.016,6,0.85,1,3,-1,-1
8,0.018,6,0.85,1,3,-1,-1
10,0.018,6,0.85,1,3,-1,-1
8,0.02,6,0.85,1,3,-1,-1
10,0.02,6,0.85,1,3,-1,-1
8,0.022,6,0.85,1,3,-1,-1
10,0.022,6,0.85,1,3,-1,-1
8,0.024,6,0.85,1,3,-1,-1
10,0.024,6,0.85,1,3,-1,-1
8,0.026,6,0.85,1,3,-1,-1
10,0.026,6,0.85,1,3,-1,-1
8,0.028,6,0.85,1,3,-1,-1
10,0.028,6,0.85,1,3,-1,-1
8,0.03,6,0.85,1,3,-1,-1
10,0.03,6,0.85,1,3,-1,-1
8,0.01,7,0.85,1,3,-1,-1
10,0.01,7,0.85,1,3,-1,-1
8,0.012,7,0.85,1,3,-1,-1
10,0.012,7,0.85,1,3,-1,-1
8,0.014,7,0.85,1,3,-1,-1
10,0.014,7,0.85,1,3,-1,-1
8,0.016,7,0.85,1,3,-1,-1
10,0.016,7,0.85,1,3,-1,-1
8,0.018,7,0.85,1,3,-1,-1
10,0.018,7,0.85,1,3,-1,-1
8,0.02,7,0.85,1,3,-1,-1
10,0.02,7,0.85,1,3,-1,-1
8,0.022,7,0.85,1,3,-1,-1
10,0.022,7,0.85,1,3,-1,-1
8,0.024,7,0.85,1,3,-1,-1
10,0.024,7,0.85,1,3,-1,-1
8,0.026,7,0.85,1,3,-1,-1
10,0.026,7,0.85,1,3,-1,-1
8,0.028,7,0.85,1,3,-1,-1
10,0.028,7,0.85,1,3,-1,-1
8,0.03,7,0.85,1,3,-1,-1
10,0.03,7,0.85,1,3,-1,-1
8,0.01,4,0.8,1,3,-1,-1
10,0.01,4,0.8,1,3,-1,-1
8,0.012,4,0.8,1,3,-1,-1
10,0.012,4,0.8,1,3,-1,-1
8,0.014,4,0.8,1,3,-1,-1
10,0.014,4,0.8,1,3,-1,-1
8,0.016,4,0.8,1,3,-1,-1
10,0.016,4,0.8,1,3,-1,-1
8,0.018,4,0.8,1,3,-1,-1
10,0.018,4,0.8,1,3,-1,-1
8,0.02,4,0.8,1,3,-1,-1
10,0.02,4,0.8,1,3,-1,-1
8,0.022,4,0.8,1,3,-1,-1
10,0.022,4,0.8,1,3,-1,-1
8,0.024,4,0.8,1,3,-1,-1
10,0.024,4,0.8,1,3,-1,-1
8,0.026,4,0.8,1,3,-1,-1
10,0.026,4,0.8,1,3,-1,-1
8,0.028,4,0.8,1,3,-1,-1
10,0.028,4,0.8,1,3,-1,-1
8,0.03,4,0.8,1,3,-1,-1
10,0.03,4,0.8,1,3,-1,-1
8,0.01,5,0.8,1,3,-1,-1
10,0.01,5,0.8,1,3,-1,-1
8,0.012,5,0.8,1,3,-1,-1
10,0.012,5,0.8,1,3,-1,-1
8,0.014,5,0.8,1,3,-1,-1
10,0.014,5,0.8,1,3,-1,-1
8,0.016,5,0.8,1,3,-1,-1
10,0.016,5,0.8,1,3,-1,-1
8,0.018,5,0.8,1,3,-1,-1
10,0.018,5,0.8,1,3,-1,-1
8,0.02,5,0.8,1,3,-1,-1
10,0.02,5,0.8,1,3,-1,-1
8,0.022,5,0.8,1,3,-1,-1
10,0.022,5,0.8,1,3,-1,-1
8,0.024,5,0.8,1,3,-1,-1
10,0.024,5,0.8,1,3,-1,-1
8,0.026,5,0.8,1,3,-1,-1
10,0.026,5,0.8,1,3,-1,-1
8,0.028,5,0.8,1,3,-1,-1
10,0.028,5,0.8,1,3,-1,-1
8,0.03,5,0.8,1,3,-1,-1
10,0.03,5,0.8,1,3,-1,-1
8,0.01,6,0.8,1,3,-1,-1
10,0.01,6,0.8,1,3,-1,-1
8,0.012,6,0.8,1,3,-1,-1
10,0.012,6,0.8,1,3,-1,-1
8,0.014,6,0.8,1,3,-1,-1
10,0.014,6,0.8,1,3,-1,-1
8,0.016,6,0.8,1,3,-1,-1
10,0.016,6,0.8,1,3,-1,-1
8,0.018,6,0.8,1,3,-1,-1
10,0.018,6,0.8,1,3,-1,-1
8,0.02,6,0.8,1,3,-1,-1
10,0.02,6,0.8,1,3,-1,-1
8,0.022,6,0.8,1,3,-1,-1
10,0.022,6,0.8,1,3,-1,-1
8,0.024,6,0.8,1,3,-1,-1
10,0.024,6,0.8,1,3,-1,-1
8,0.026,6,0.8,1,3,-1,-1
10,0.026,6,0.8,1,3,-1,-1
8,0.028,6,0.8,1,3,-1,-1
10,0.028,6,0.8,1,3,-1,-1
8,0.03,6,0.8,1,3,-1,-1
10,0.03,6,0.8,1,3,-1,-1
8,0.01,7,0.8,1,3,-1,-1
10,0.01,7,0.8,1,3,-1,-1
8,0.012,7,0.8,1,3,-1,-1
10,0.012,7,0.8,1,3,-1,-1
8,0.014,7,0.8,1,3,-1,-1
10,0.014,7,0.8,1,3,-1,-1
8,0.016,7,0.8,1,3,-1,-1
10,0.016,7,0.8,1,3,-1,-1
8,0.018,7,0.8,1,3,-1,-1
10,0.018,7,0.8,1,3,-1,-1
8,0.02,7,0.8,1,3,-1,-1
10,0.02,7,0.8,1,3,-1,-1
8,0.022,7,0.8,1,3,-1,-1
10,0.022,7,0.8,1,3,-1,-1
8,0.024,7,0.8,1,3,-1,-1
10,0.024,7,0.8,1,3,-1,-1
8,0.026,7,0.8,1,3,-1,-1
10,0.026,7,0.8,1,3,-1,-1
8,0.028,7,0.8,1,3,-1,-1
10,0.028,7,0.8,1,3,-1,-1
8,0.03,7,0.8,1,3,-1,-1
10,0.03,7,0.8,1,3,-1,-1
8,0.01,4,1,1,3,-1,-1
10,0.01,4,1,1,3,-1,-1
8,0.012,4,1,1,3,-1,-1
10,0.012,4,1,1,3,-1,-1
8,0.014,4,1,1,3,-1,-1
10,0.014,4,1,1,3,-1,-1
8,0.016,4,1,1,3,-1,-1
10,0.016,4,1,1,3,-1,-1
8,0.018,4,1,1,3,-1,-1
10,0.018,4,1,1,3,-1,-1
8,0.02,4,1,1,3,-1,-1
10,0.02,4,1,1,3,-1,-1
8,0.022,4,1,1,3,-1,-1
10,0.022,4,1,1,3,-1,-1
8,0.024,4,1,1,3,-1,-1
10,0.024,4,1,1,3,-1,-1
8,0.026,4,1,1,3,-1,-1
10,0.026,4,1,1,3,-1,-1
8,0.028,4,1,1,3,-1,-1
10,0.028,4,1,1,3,-1,-1
8,0.03,4,1,1,3,-1,-1
10,0.03,4,1,1,3,-1,-1
8,0.01,5,1,1,3,-1,-1
10,0.01,5,1,1,3,-1,-1
8,0.012,5,1,1,3,-1,-1
10,0.012,5,1,1,3,-1,-1
8,0.014,5,1,1,3,-1,-1
10,0.014,5,1,1,3,-1,-1
8,0.016,5,1,1,3,-1,-1
10,0.016,5,1,1,3,-1,-1
8,0.018,5,1,1,3,-1,-1
10,0.018,5,1,1,3,-1,-1
8,0.02,5,1,1,3,-1,-1
10,0.02,5,1,1,3,-1,-1
8,0.022,5,1,1,3,-1,-1
10,0.022,5,1,1,3,-1,-1
8,0.024,5,1,1,3,-1,-1
10,0.024,5,1,1,3,-1,-1
8,0.026,5,1,1,3,-1,-1
10,0.026,5,1,1,3,-1,-1
8,0.028,5,1,1,3,-1,-1
10,0.028,5,1,1,3,-1,-1
8,0.03,5,1,1,3,-1,-1
10,0.03,5,1,1,3,-1,-1
8,0.01,6,1,1,3,-1,-1
10,0.01,6,1,1,3,-1,-1
8,0.012,6,1,1,3,-1,-1
10,0.012,6,1,1,3,-1,-1
8,0.014,6,1,1,3,-1,-1
10,0.014,6,1,1,3,-1,-1
8,0.016,6,1,1,3,-1,-1
10,0.016,6,1,1,3,-1,-1
8,0.018,6,1,1,3,-1,-1
10,0.018,6,1,1,3,-1,-1
8,0.02,6,1,1,3,-1,-1
10,0.02,6,1,1,3,-1,-1
8,0.022,6,1,1,3,-1,-1
10,0.022,6,1,1,3,-1,-1
8,0.024,6,1,1,3,-1,-1
10,0.024,6,1,1,3,-1,-1
8,0.026,6,1,1,3,-1,-1
10,0.026,6,1,1,3,-1,-1
8,0.028,6,1,1,3,-1,-1
10,0.028,6,1,1,3,-1,-1
8,0.03,6,1,1,3,-1,-1
10,0.03,6,1,1,3,-1,-1
8,0.01,7,1,1,3,-1,-1
10,0.01,7,1,1,3,-1,-1
8,0.012,7,1,1,3,-1,-1
10,0.012,7,1,1,3,-1,-1
8,0.014,7,1,1,3,-1,-1
10,0.014,7,1,1,3,-1,-1
8,0.016,7,1,1,3,-1,-1
10,0.016,7,1,1,3,-1,-1
8,0.018,7,1,1,3,-1,-1
10,0.018,7,1,1,3,-1,-1
8,0.02,7,1,1,3,-1,-1
10,0.02,7,1,1,3,-1,-1
8,0.022,7,1,1,3,-1,-1
10,0.022,7,1,1,3,-1,-1
8,0.024,7,1,1,3,-1,-1
10,0.024,7,1,1,3,-1,-1
8,0.026,7,1,1,3,-1,-1
10,0.026,7,1,1,3,-1,-1
8,0.028,7,1,1,3,-1,-1
10,0.028,7,1,1,3,-1,-1
8,0.03,7,1,1,3,-1,-1
10,0.03,7,1,1,3,-1,-1
