"MoleculeId","PredictedProbability"
1,0.918899834156036
2,0.968944072723389
3,0.493503898382187
4,0.97870534658432
5,0.031286284327507
6,0.659289240837097
7,0.948750793933868
8,0.876828730106354
9,0.969258666038513
10,0.804137647151947
11,0.1668631285429
12,0.851005077362061
13,0.833465754985809
14,0.366887032985687
15,0.0868106037378311
16,0.276656210422516
17,0.13190433382988
18,0.0933401361107826
19,0.343127906322479
20,0.938501954078674
21,0.0660655423998833
22,0.911260068416595
23,0.920445680618286
24,0.958567917346954
25,0.991880714893341
26,0.65882933139801
27,0.0419165715575218
28,0.0640776008367538
29,0.0343225747346878
30,0.51164036989212
31,0.187571465969086
32,0.0300041045993567
33,0.798770070075989
34,0.305230468511581
35,0.319321364164352
36,0.91242128610611
37,0.863099634647369
38,0.757249593734741
39,0.937135875225067
40,0.99122554063797
41,0.106186918914318
42,0.0411476492881775
43,0.902011156082153
44,0.898771584033966
45,0.00986460968852043
46,0.247087746858597
47,0.927068591117859
48,0.289104759693146
49,0.965852439403534
50,0.726717948913574
51,0.951765418052673
52,0.0725234523415565
53,0.742344439029694
54,0.0589065924286842
55,0.0776745155453682
56,0.898539483547211
57,0.977556169033051
58,0.985487341880798
59,0.983703374862671
60,0.729499995708466
61,0.821270346641541
62,0.980817556381226
63,0.194266647100449
64,0.021284768357873
65,0.680758595466614
66,0.294338703155518
67,0.261766672134399
68,0.0837952122092247
69,0.243548378348351
70,0.238944739103317
71,0.92013293504715
72,0.83249419927597
73,0.889169454574585
74,0.970871210098267
75,0.128713876008987
76,0.114793382585049
77,0.963679909706116
78,0.41509622335434
79,0.971120536327362
80,0.267759442329407
81,0.133071035146713
82,0.196523264050484
83,0.178016051650047
84,0.096068486571312
85,0.64009952545166
86,0.711123406887054
87,0.27710086107254
88,0.912469744682312
89,0.982469439506531
90,0.45030865073204
91,0.555504739284515
92,0.693373262882233
93,0.088637463748455
94,0.0292170904576778
95,0.554130434989929
96,0.167422696948051
97,0.822311043739319
98,0.971386015415192
99,0.960696756839752
100,0.961519420146942
101,0.512516558170319
102,0.973378479480743
103,0.84569126367569
104,0.272607237100601
105,0.108719386160374
106,0.294889599084854
107,0.579375743865967
108,0.674532294273376
109,0.987594723701477
110,0.0200290139764547
111,0.542208194732666
112,0.852593719959259
113,0.126842260360718
114,0.90150260925293
115,0.872045636177063
116,0.0900950282812119
117,0.945260226726532
118,0.0737677663564682
119,0.700412631034851
120,0.182472601532936
121,0.278353214263916
122,0.0486161932349205
123,0.955368995666504
124,0.201105490326881
125,0.499478757381439
126,0.336187660694122
127,0.48716402053833
128,0.8038529753685
129,0.204180717468262
130,0.0353023447096348
131,0.00678270077332854
132,0.415794372558594
133,0.039709810167551
134,0.930072009563446
135,0.467974007129669
136,0.984028041362762
137,0.037522841244936
138,0.813196420669556
139,0.896668672561646
140,0.787631392478943
141,0.862489283084869
142,0.977206707000732
143,0.826018214225769
144,0.0931561291217804
145,0.969784736633301
146,0.0557655431330204
147,0.844178199768066
148,0.947497129440308
149,0.533051311969757
150,0.232182532548904
151,0.0283791311085224
152,0.541759550571442
153,0.49100786447525
154,0.982845187187195
155,0.919514238834381
156,0.508055984973907
157,0.856570303440094
158,0.950700879096985
159,0.445471376180649
160,0.0167049784213305
161,0.734721899032593
162,0.0321841239929199
163,0.0700529962778091
164,0.982990980148315
165,0.916492104530334
166,0.384231597185135
167,0.734293341636658
168,0.856720626354218
169,0.298661082983017
170,0.981453537940979
171,0.971603751182556
172,0.976963341236115
173,0.373375177383423
174,0.684025228023529
175,0.0528114549815655
176,0.881893515586853
177,0.496381968259811
178,0.101237773895264
179,0.438948601484299
180,0.164316102862358
181,0.19445039331913
182,0.898168087005615
183,0.942549228668213
184,0.127046346664429
185,0.982955276966095
186,0.592329502105713
187,0.942700564861298
188,0.221470832824707
189,0.977620661258698
190,0.663341343402863
191,0.0832743719220161
192,0.727585673332214
193,0.103933580219746
194,0.847513854503632
195,0.98378974199295
196,0.159524813294411
197,0.985600113868713
198,0.547483742237091
199,0.604445695877075
200,0.219236791133881
201,0.961452960968018
202,0.401113867759705
203,0.538552105426788
204,0.147609323263168
205,0.965153753757477
206,0.829846203327179
207,0.730873644351959
208,0.980654418468475
209,0.928803861141205
210,0.166703194379807
211,0.907696783542633
212,0.940889775753021
213,0.949629366397858
214,0.0275749992579222
215,0.722396075725555
216,0.954553306102753
217,0.668184578418732
218,0.488169103860855
219,0.620502352714539
220,0.152994766831398
221,0.92495983839035
222,0.22545500099659
223,0.140051037073135
224,0.971533536911011
225,0.25136986374855
226,0.312801092863083
227,0.185225486755371
228,0.957842588424683
229,0.279156088829041
230,0.715593338012695
231,0.881229162216187
232,0.970327019691467
233,0.890610694885254
234,0.199679583311081
235,0.845018208026886
236,0.899446725845337
237,0.367042452096939
238,0.0894862040877342
239,0.934745192527771
240,0.727071404457092
241,0.260373473167419
242,0.0108539294451475
243,0.649130284786224
244,0.525710761547089
245,0.43191459774971
246,0.945379436016083
247,0.0662159025669098
248,0.145095676183701
249,0.964752376079559
250,0.0390868671238422
251,0.525450110435486
252,0.482432693243027
253,0.624442875385284
254,0.837338030338287
255,0.984421730041504
256,0.639162302017212
257,0.0175692196935415
258,0.183991506695747
259,0.447762280702591
260,0.025100527331233
261,0.0661755502223969
262,0.0494114272296429
263,0.208139091730118
264,0.390239119529724
265,0.0729546099901199
266,0.769814193248749
267,0.886855661869049
268,0.0602174997329712
269,0.272333592176437
270,0.925825238227844
271,0.990716516971588
272,0.946777760982513
273,0.730912506580353
274,0.186438098549843
275,0.0877113714814186
276,0.121784009039402
277,0.946083664894104
278,0.246163383126259
279,0.755589127540588
280,0.456876248121262
281,0.0178841389715672
282,0.969598352909088
283,0.692129075527191
284,0.0184556599706411
285,0.746321022510529
286,0.988559067249298
287,0.982962489128113
288,0.798626720905304
289,0.939356744289398
290,0.107602246105671
291,0.160884127020836
292,0.429088324308395
293,0.676438689231873
294,0.850887775421143
295,0.0143485916778445
296,0.127643585205078
297,0.0101453121751547
298,0.55082893371582
299,0.858807563781738
300,0.926048338413239
301,0.868615508079529
302,0.0828602463006973
303,0.893593966960907
304,0.976314425468445
305,0.919722616672516
306,0.956096708774567
307,0.163415268063545
308,0.903645992279053
309,0.540041744709015
310,0.967164754867554
311,0.97048145532608
312,0.774451732635498
313,0.813705682754517
314,0.0339773893356323
315,0.900735676288605
316,0.239001914858818
317,0.970011830329895
318,0.0872936099767685
319,0.16474860906601
320,0.0313384532928467
321,0.0967918410897255
322,0.912900626659393
323,0.965439140796661
324,0.322610646486282
325,0.0476176925003529
326,0.964838087558746
327,0.983384132385254
328,0.964548528194427
329,0.215152382850647
330,0.627449572086334
331,0.867133319377899
332,0.699121296405792
333,0.262698203325272
334,0.391274690628052
335,0.840181827545166
336,0.814293563365936
337,0.908647477626801
338,0.0459054931998253
339,0.018821569159627
340,0.956380546092987
341,0.937416553497314
342,0.925899922847748
343,0.0716009140014648
344,0.239026844501495
345,0.866302609443665
346,0.946585416793823
347,0.163437187671661
348,0.228470921516418
349,0.24145682156086
350,0.793584108352661
351,0.156951069831848
352,0.764016091823578
353,0.951255738735199
354,0.146378606557846
355,0.951340675354004
356,0.408792942762375
357,0.93052864074707
358,0.16005864739418
359,0.118119426071644
360,0.923644959926605
361,0.394421249628067
362,0.946667611598969
363,0.941559016704559
364,0.383099466562271
365,0.913118541240692
366,0.927107036113739
367,0.765394628047943
368,0.233974725008011
369,0.0256655681878328
370,0.157500505447388
371,0.728936731815338
372,0.220296964049339
373,0.625901997089386
374,0.0282437894493341
375,0.691952347755432
376,0.990659773349762
377,0.709832072257996
378,0.918422162532806
379,0.983910322189331
380,0.0134251164272428
381,0.960897564888
382,0.975284218788147
383,0.987002015113831
384,0.219784677028656
385,0.977552652359009
386,0.603400230407715
387,0.0481572151184082
388,0.0935543552041054
389,0.0285244192928076
390,0.928440988063812
391,0.73115336894989
392,0.183901458978653
393,0.724358975887299
394,0.865294337272644
395,0.932820022106171
396,0.23678158223629
397,0.326371073722839
398,0.108029551804066
399,0.781953573226929
400,0.926200807094574
401,0.941672205924988
402,0.876788318157196
403,0.0770753547549248
404,0.980760216712952
405,0.717535078525543
406,0.053830087184906
407,0.968271791934967
408,0.500991880893707
409,0.141718804836273
410,0.491702854633331
411,0.930647790431976
412,0.956690073013306
413,0.950198292732239
414,0.0589316487312317
415,0.834211647510529
416,0.961329817771912
417,0.33839076757431
418,0.668410003185272
419,0.338242202997208
420,0.593343734741211
421,0.12553659081459
422,0.561037957668304
423,0.66096955537796
424,0.599948227405548
425,0.984408438205719
426,0.080194428563118
427,0.792350292205811
428,0.857933938503265
429,0.822665393352509
430,0.0768062099814415
431,0.917513251304626
432,0.68773627281189
433,0.344535529613495
434,0.137024462223053
435,0.154593527317047
436,0.0182595029473305
437,0.303371071815491
438,0.568814754486084
439,0.00985956192016602
440,0.181368499994278
441,0.746649503707886
442,0.942752420902252
443,0.950395405292511
444,0.0447195582091808
445,0.90578031539917
446,0.932682394981384
447,0.0878435149788857
448,0.056581012904644
449,0.0444894805550575
450,0.9692263007164
451,0.555879414081573
452,0.907375156879425
453,0.15614578127861
454,0.952790558338165
455,0.72111177444458
456,0.892616271972656
457,0.330982267856598
458,0.892628371715546
459,0.078265868127346
460,0.475871354341507
461,0.364195317029953
462,0.855777621269226
463,0.736975073814392
464,0.941500782966614
465,0.696616351604462
466,0.288123041391373
467,0.13521283864975
468,0.584933221340179
469,0.765024960041046
470,0.315633863210678
471,0.0214247293770313
472,0.990209937095642
473,0.0608519315719604
474,0.414372980594635
475,0.459918797016144
476,0.147986814379692
477,0.782719552516937
478,0.0663832500576973
479,0.442099958658218
480,0.167464181780815
481,0.111923605203629
482,0.135721638798714
483,0.400864601135254
484,0.974686145782471
485,0.16530779004097
486,0.921312749385834
487,0.116224266588688
488,0.261867970228195
489,0.521804332733154
490,0.716724395751953
491,0.0601243078708649
492,0.779849827289581
493,0.906444847583771
494,0.986394226551056
495,0.374558418989182
496,0.886812448501587
497,0.0751354917883873
498,0.269921064376831
499,0.297236412763596
500,0.0865926668047905
501,0.896073400974274
502,0.912815988063812
503,0.781169652938843
504,0.0584245100617409
505,0.914502203464508
506,0.797275543212891
507,0.325341165065765
508,0.311556339263916
509,0.345693498849869
510,0.114091359078884
511,0.959298551082611
512,0.844736695289612
513,0.382986277341843
514,0.927589774131775
515,0.970382452011108
516,0.0333979912102222
517,0.704730808734894
518,0.0149687891826034
519,0.221628665924072
520,0.961669445037842
521,0.889689087867737
522,0.977319955825806
523,0.923992097377777
524,0.260484039783478
525,0.708176672458649
526,0.130828067660332
527,0.970858991146088
528,0.853511869907379
529,0.0354453548789024
530,0.0374937653541565
531,0.883605062961578
532,0.0524058192968369
533,0.966079890727997
534,0.0130287948995829
535,0.481891274452209
536,0.0167552195489407
537,0.982445180416107
538,0.0987067446112633
539,0.954959392547607
540,0.15508821606636
541,0.0283977687358856
542,0.0551815703511238
543,0.542958915233612
544,0.844777226448059
545,0.952393770217896
546,0.821273446083069
547,0.866534173488617
548,0.479136139154434
549,0.959715127944946
550,0.965371787548065
551,0.725021183490753
552,0.290599226951599
553,0.14020137488842
554,0.205500513315201
555,0.00653853733092546
556,0.98840206861496
557,0.511086523532867
558,0.540120542049408
559,0.830092966556549
560,0.954671204090118
561,0.983631372451782
562,0.988047242164612
563,0.469264179468155
564,0.695640683174133
565,0.263035535812378
566,0.142773896455765
567,0.265926748514175
568,0.96710479259491
569,0.715545177459717
570,0.0705692246556282
571,0.726214349269867
572,0.909902513027191
573,0.014716480858624
574,0.927832543849945
575,0.239352032542229
576,0.740788996219635
577,0.944976329803467
578,0.475931793451309
579,0.925255000591278
580,0.122541062533855
581,0.827382445335388
582,0.98799079656601
583,0.0672321617603302
584,0.937290012836456
585,0.67557156085968
586,0.783859252929688
587,0.901952743530273
588,0.155653595924377
589,0.1550432741642
590,0.979640424251556
591,0.88537609577179
592,0.0189048815518618
593,0.945881307125092
594,0.981437206268311
595,0.903470993041992
596,0.113105185329914
597,0.110376119613647
598,0.921335458755493
599,0.983423352241516
600,0.184836566448212
601,0.238743335008621
602,0.543042957782745
603,0.957942426204681
604,0.355056703090668
605,0.858326375484467
606,0.113312795758247
607,0.879904866218567
608,0.238440752029419
609,0.0768060237169266
610,0.379489123821259
611,0.854321002960205
612,0.983215391635895
613,0.103161528706551
614,0.727221667766571
615,0.983875036239624
616,0.442719668149948
617,0.435326248407364
618,0.936015486717224
619,0.00794538389891386
620,0.803653717041016
621,0.499862760305405
622,0.972771108150482
623,0.0736576914787292
624,0.056485041975975
625,0.0599561221897602
626,0.95711076259613
627,0.0697607770562172
628,0.599913418292999
629,0.20027083158493
630,0.0488077439367771
631,0.0948875993490219
632,0.24511756002903
633,0.908582985401154
634,0.765000343322754
635,0.879309177398682
636,0.917935013771057
637,0.976698875427246
638,0.0384614579379559
639,0.839215219020844
640,0.596774935722351
641,0.144409134984016
642,0.171849325299263
643,0.103992938995361
644,0.0517358668148518
645,0.0887943655252457
646,0.448246598243713
647,0.0452106297016144
648,0.939112544059753
649,0.764546155929565
650,0.960622131824493
651,0.916151762008667
652,0.0955992341041565
653,0.144543692469597
654,0.0828007981181145
655,0.0900963991880417
656,0.98900032043457
657,0.741295158863068
658,0.444243669509888
659,0.752038955688477
660,0.122357800602913
661,0.0904838144779205
662,0.7278151512146
663,0.134743422269821
664,0.873003244400024
665,0.894041895866394
666,0.161578699946404
667,0.201767712831497
668,0.953381478786469
669,0.350982129573822
670,0.571984529495239
671,0.132021337747574
672,0.951670587062836
673,0.338212847709656
674,0.928306043148041
675,0.93351012468338
676,0.0228003412485123
677,0.432614266872406
678,0.167331576347351
679,0.720993399620056
680,0.00957337766885757
681,0.229883268475533
682,0.346578270196915
683,0.145109996199608
684,0.900345385074615
685,0.893759548664093
686,0.135878100991249
687,0.15203569829464
688,0.791626036167145
689,0.0363665856420994
690,0.80752819776535
691,0.927731454372406
692,0.903598308563232
693,0.709190666675568
694,0.856517314910889
695,0.0639004856348038
696,0.965426445007324
697,0.858832955360413
698,0.345910519361496
699,0.960131347179413
700,0.804068505764008
701,0.272098511457443
702,0.0585408397018909
703,0.880317568778992
704,0.89593768119812
705,0.866704106330872
706,0.291229069232941
707,0.467680126428604
708,0.389721035957336
709,0.881163537502289
710,0.940409064292908
711,0.0157636255025864
712,0.844047725200653
713,0.565736889839172
714,0.382636517286301
715,0.891855299472809
716,0.686653256416321
717,0.511219501495361
718,0.919108629226685
719,0.974664509296417
720,0.577002942562103
721,0.964747190475464
722,0.88209742307663
723,0.92274284362793
724,0.550590515136719
725,0.415125966072083
726,0.0224584601819515
727,0.148372665047646
728,0.148086592555046
729,0.0578937754034996
730,0.817468464374542
731,0.822881698608398
732,0.606328427791595
733,0.890989780426025
734,0.102288924157619
735,0.0678113624453545
736,0.125098153948784
737,0.012355612590909
738,0.507414638996124
739,0.984780430793762
740,0.941374599933624
741,0.877960026264191
742,0.703394889831543
743,0.0623958222568035
744,0.939354360103607
745,0.65696656703949
746,0.0363782271742821
747,0.217794239521027
748,0.580935835838318
749,0.87076860666275
750,0.76943427324295
751,0.0522373951971531
752,0.743965744972229
753,0.88186252117157
754,0.900866150856018
755,0.7716423869133
756,0.89167457818985
757,0.92093288898468
758,0.286904811859131
759,0.98498809337616
760,0.858042180538177
761,0.745124816894531
762,0.77625435590744
763,0.972501337528229
764,0.949228227138519
765,0.767441034317017
766,0.397616982460022
767,0.250650018453598
768,0.871578395366669
769,0.530882596969604
770,0.885895311832428
771,0.0153251243755221
772,0.327387571334839
773,0.0995930135250092
774,0.0739513784646988
775,0.967951655387878
776,0.981055498123169
777,0.35724288225174
778,0.529027700424194
779,0.0317651927471161
780,0.944536507129669
781,0.914410769939423
782,0.965617477893829
783,0.0431436114013195
784,0.97225147485733
785,0.0385913960635662
786,0.959768295288086
787,0.812049746513367
788,0.642219007015228
789,0.0812923535704613
790,0.0151511924341321
791,0.321243435144424
792,0.0160664562135935
793,0.0634944513440132
794,0.0761287733912468
795,0.744046926498413
796,0.872464299201965
797,0.860321938991547
798,0.430695861577988
799,0.830722212791443
800,0.993627309799194
801,0.107421405613422
802,0.855615258216858
803,0.825310170650482
804,0.975041747093201
805,0.941950917243958
806,0.62402331829071
807,0.451369762420654
808,0.0482334233820438
809,0.25909885764122
810,0.326860159635544
811,0.948859512805939
812,0.8143110871315
813,0.867787003517151
814,0.978050827980042
815,0.223407536745071
816,0.935788691043854
817,0.0891582518815994
818,0.895886361598969
819,0.529359221458435
820,0.981315195560455
821,0.0100703686475754
822,0.862311005592346
823,0.00729976128786802
824,0.121140480041504
825,0.755351662635803
826,0.970734059810638
827,0.587628841400146
828,0.85760909318924
829,0.969626247882843
830,0.981256186962128
831,0.873696267604828
832,0.932936728000641
833,0.150857374072075
834,0.978423893451691
835,0.0853386968374252
836,0.859883248806
837,0.898920953273773
838,0.0549449250102043
839,0.727916300296783
840,0.514038503170013
841,0.696554660797119
842,0.0646474584937096
843,0.012916631065309
844,0.214443951845169
845,0.956229150295258
846,0.811558365821838
847,0.841603517532349
848,0.635090231895447
849,0.184337273240089
850,0.336571544408798
851,0.868392646312714
852,0.986510217189789
853,0.9726282954216
854,0.0585979856550694
855,0.633066356182098
856,0.209551811218262
857,0.524108827114105
858,0.932237863540649
859,0.0698409453034401
860,0.0905346572399139
861,0.869741380214691
862,0.837134122848511
863,0.769430458545685
864,0.826726496219635
865,0.152506709098816
866,0.0918591991066933
867,0.957909047603607
868,0.831325888633728
869,0.885487735271454
870,0.749293148517609
871,0.210098758339882
872,0.663339495658875
873,0.937119483947754
874,0.139295384287834
875,0.972065806388855
876,0.856975555419922
877,0.209526628255844
878,0.828691244125366
879,0.944371998310089
880,0.133074656128883
881,0.641019463539124
882,0.28649964928627
883,0.904722929000854
884,0.0512324012815952
885,0.0133322402834892
886,0.0717181116342545
887,0.488221377134323
888,0.830225884914398
889,0.104566812515259
890,0.0541189387440681
891,0.410914242267609
892,0.190444096922874
893,0.972347378730774
894,0.243011966347694
895,0.824096202850342
896,0.776259958744049
897,0.83357834815979
898,0.540728747844696
899,0.0753083750605583
900,0.892446994781494
901,0.0111074531450868
902,0.770404696464539
903,0.101933933794498
904,0.97939544916153
905,0.972212255001068
906,0.604747593402863
907,0.0982097610831261
908,0.561170160770416
909,0.984265327453613
910,0.123446404933929
911,0.485971450805664
912,0.896354377269745
913,0.961488485336304
914,0.373377174139023
915,0.943059027194977
916,0.29681396484375
917,0.0997880026698112
918,0.133055046200752
919,0.555216372013092
920,0.0296065900474787
921,0.34953710436821
922,0.970406353473663
923,0.051835622638464
924,0.590161800384521
925,0.983505308628082
926,0.603561997413635
927,0.257663816213608
928,0.0274233911186457
929,0.0238261725753546
930,0.983258187770844
931,0.055509764701128
932,0.140590965747833
933,0.0324042923748493
934,0.890809118747711
935,0.797893583774567
936,0.074664831161499
937,0.968800842761993
938,0.742428004741669
939,0.976404547691345
940,0.163200631737709
941,0.918997466564178
942,0.195075705647469
943,0.0209755953401327
944,0.305894404649734
945,0.254703372716904
946,0.501080811023712
947,0.216224536299706
948,0.798438549041748
949,0.104981414973736
950,0.799868404865265
951,0.84014493227005
952,0.429180175065994
953,0.0893882289528847
954,0.0717404931783676
955,0.0326847843825817
956,0.081422284245491
957,0.904199838638306
958,0.233522489666939
959,0.220645591616631
960,0.163660481572151
961,0.555199265480042
962,0.819226562976837
963,0.689285337924957
964,0.918433904647827
965,0.0563892237842083
966,0.687164127826691
967,0.276365607976913
968,0.897714793682098
969,0.0352025851607323
970,0.0616495721042156
971,0.107920221984386
972,0.296557277441025
973,0.967613935470581
974,0.931793391704559
975,0.891717135906219
976,0.622917234897614
977,0.952774524688721
978,0.0428198128938675
979,0.966160893440247
980,0.156155124306679
981,0.140056610107422
982,0.0116603998467326
983,0.889211535453796
984,0.961979031562805
985,0.531171202659607
986,0.0264644231647253
987,0.83977347612381
988,0.824787676334381
989,0.105831630527973
990,0.28305572271347
991,0.939850330352783
992,0.111934073269367
993,0.868724405765533
994,0.0893052592873573
995,0.0991791859269142
996,0.949199676513672
997,0.470332711935043
998,0.101536944508553
999,0.774063885211945
1000,0.738131701946259
1001,0.0455540344119072
1002,0.81147426366806
1003,0.966292560100555
1004,0.628129899501801
1005,0.907298624515533
1006,0.113529480993748
1007,0.695743203163147
1008,0.972916543483734
1009,0.730232834815979
1010,0.183689996600151
1011,0.641535103321075
1012,0.354198515415192
1013,0.203886210918427
1014,0.349970161914825
1015,0.056373406201601
1016,0.881117880344391
1017,0.0771569386124611
1018,0.859446167945862
1019,0.880885183811188
1020,0.140701055526733
1021,0.218233034014702
1022,0.695338308811188
1023,0.889423549175262
1024,0.956121683120728
1025,0.798777043819427
1026,0.666658043861389
1027,0.329869270324707
1028,0.464719653129578
1029,0.976654410362244
1030,0.964672207832336
1031,0.657964110374451
1032,0.522749722003937
1033,0.847093462944031
1034,0.233403921127319
1035,0.720881462097168
1036,0.39605388045311
1037,0.789650857448578
1038,0.73151558637619
1039,0.637796401977539
1040,0.516251444816589
1041,0.193977430462837
1042,0.968375861644745
1043,0.965398490428925
1044,0.190719321370125
1045,0.217422097921371
1046,0.974965035915375
1047,0.987675905227661
1048,0.709142923355103
1049,0.0926482602953911
1050,0.986938238143921
1051,0.10742823779583
1052,0.310265004634857
1053,0.98621654510498
1054,0.798732399940491
1055,0.920899927616119
1056,0.984875380992889
1057,0.0833048149943352
1058,0.888825476169586
1059,0.0997401922941208
1060,0.396518379449844
1061,0.264810234308243
1062,0.108973748981953
1063,0.995699763298035
1064,0.10305443406105
1065,0.593853235244751
1066,0.486718207597733
1067,0.563595473766327
1068,0.922434866428375
1069,0.0835059806704521
1070,0.141029104590416
1071,0.187287792563438
1072,0.923525750637054
1073,0.98317414522171
1074,0.944585859775543
1075,0.881260693073273
1076,0.742323160171509
1077,0.95087057352066
1078,0.188694432377815
1079,0.953496634960175
1080,0.960089445114136
1081,0.780850768089294
1082,0.415379732847214
1083,0.609374403953552
1084,0.871271789073944
1085,0.0421294830739498
1086,0.277227848768234
1087,0.0364324823021889
1088,0.986179888248444
1089,0.966702938079834
1090,0.0635241791605949
1091,0.933802485466003
1092,0.987674653530121
1093,0.983173370361328
1094,0.981629014015198
1095,0.92733496427536
1096,0.689777612686157
1097,0.826404333114624
1098,0.577050089836121
1099,0.117289893329144
1100,0.986570060253143
1101,0.0177506506443024
1102,0.691845059394836
1103,0.956526339054108
1104,0.248708754777908
1105,0.060713279992342
1106,0.799800634384155
1107,0.287065416574478
1108,0.155569270253181
1109,0.0477951243519783
1110,0.92669415473938
1111,0.10928513109684
1112,0.952752530574799
1113,0.960310399532318
1114,0.024842906743288
1115,0.884387671947479
1116,0.019207825884223
1117,0.914043843746185
1118,0.0400602370500565
1119,0.0405040308833122
1120,0.0773808658123016
1121,0.620925068855286
1122,0.319379061460495
1123,0.60758501291275
1124,0.160784319043159
1125,0.101825006306171
1126,0.979940593242645
1127,0.0441922135651112
1128,0.750914633274078
1129,0.268408328294754
1130,0.056728184223175
1131,0.0765373036265373
1132,0.473396718502045
1133,0.937547624111176
1134,0.959173023700714
1135,0.13920159637928
1136,0.0398968905210495
1137,0.842818439006805
1138,0.655497133731842
1139,0.844188153743744
1140,0.488579213619232
1141,0.544222772121429
1142,0.230746373534203
1143,0.278918564319611
1144,0.696793258190155
1145,0.693971157073975
1146,0.98206490278244
1147,0.954672157764435
1148,0.0745363160967827
1149,0.854052186012268
1150,0.979926764965057
1151,0.855668008327484
1152,0.66547691822052
1153,0.156316712498665
1154,0.941612064838409
1155,0.933774292469025
1156,0.79620361328125
1157,0.0326691009104252
1158,0.273221611976624
1159,0.0280650854110718
1160,0.943389058113098
1161,0.252632796764374
1162,0.904874086380005
1163,0.984476745128632
1164,0.0354898646473885
1165,0.675274968147278
1166,0.428067594766617
1167,0.941453874111176
1168,0.0234390534460545
1169,0.959481120109558
1170,0.0282681491225958
1171,0.952718377113342
1172,0.571935534477234
1173,0.178099095821381
1174,0.761306345462799
1175,0.971102774143219
1176,0.0403248406946659
1177,0.740655183792114
1178,0.867738425731659
1179,0.576602518558502
1180,0.0297456122934818
1181,0.924350082874298
1182,0.926648616790771
1183,0.94694983959198
1184,0.0374526679515839
1185,0.866937875747681
1186,0.235336527228355
1187,0.139374747872353
1188,0.0652984082698822
1189,0.968229949474335
1190,0.354936748743057
1191,0.124791733920574
1192,0.673963606357574
1193,0.949834764003754
1194,0.189952492713928
1195,0.848181664943695
1196,0.018481558188796
1197,0.972888767719269
1198,0.971200823783875
1199,0.984173774719238
1200,0.462452232837677
1201,0.967867791652679
1202,0.418470919132233
1203,0.975600242614746
1204,0.425606727600098
1205,0.162089213728905
1206,0.968498945236206
1207,0.293954133987427
1208,0.964132905006409
1209,0.0530924275517464
1210,0.982232689857483
1211,0.0235021561384201
1212,0.949123859405518
1213,0.0961358919739723
1214,0.686567068099976
1215,0.573691964149475
1216,0.812319815158844
1217,0.300261646509171
1218,0.918147921562195
1219,0.784263610839844
1220,0.400157749652863
1221,0.658177435398102
1222,0.985995829105377
1223,0.697444200515747
1224,0.714460492134094
1225,0.900684416294098
1226,0.0956709757447243
1227,0.960547804832458
1228,0.907203555107117
1229,0.97163850069046
1230,0.804681539535522
1231,0.949407756328583
1232,0.932378649711609
1233,0.921348690986633
1234,0.134624689817429
1235,0.289214611053467
1236,0.703382134437561
1237,0.122021697461605
1238,0.918332636356354
1239,0.745167076587677
1240,0.0429388098418713
1241,0.983101010322571
1242,0.0936766490340233
1243,0.0519497729837894
1244,0.0118669960647821
1245,0.729428172111511
1246,0.0759970396757126
1247,0.0122730787843466
1248,0.109911426901817
1249,0.964565813541412
1250,0.768261969089508
1251,0.0504224002361298
1252,0.355934679508209
1253,0.685974895954132
1254,0.242356523871422
1255,0.699070692062378
1256,0.155117705464363
1257,0.958263039588928
1258,0.678171038627625
1259,0.916517913341522
1260,0.960041463375092
1261,0.918076753616333
1262,0.979547321796417
1263,0.252531200647354
1264,0.51616632938385
1265,0.97905045747757
1266,0.934366106987
1267,0.954725861549377
1268,0.41443407535553
1269,0.0650692731142044
1270,0.348314255475998
1271,0.173971936106682
1272,0.949291288852692
1273,0.752352952957153
1274,0.897879123687744
1275,0.86785089969635
1276,0.384866982698441
1277,0.959055364131927
1278,0.971861302852631
1279,0.894033968448639
1280,0.925873458385468
1281,0.955748319625854
1282,0.943203866481781
1283,0.651032984256744
1284,0.0359037965536118
1285,0.774870574474335
1286,0.915007948875427
1287,0.322228580713272
1288,0.326933741569519
1289,0.602282464504242
1290,0.960422992706299
1291,0.973838865756989
1292,0.244211465120316
1293,0.0605527088046074
1294,0.90440833568573
1295,0.859075903892517
1296,0.0616091415286064
1297,0.0214400328695774
1298,0.824026823043823
1299,0.979498147964478
1300,0.105364434421062
1301,0.159112796187401
1302,0.0149978809058666
1303,0.900611221790314
1304,0.549495160579681
1305,0.0947879254817963
1306,0.901149928569794
1307,0.970094084739685
1308,0.849367320537567
1309,0.736440181732178
1310,0.947151064872742
1311,0.850188136100769
1312,0.958123862743378
1313,0.319009333848953
1314,0.901232779026031
1315,0.205735430121422
1316,0.951310992240906
1317,0.455276072025299
1318,0.288673281669617
1319,0.0352683551609516
1320,0.034647062420845
1321,0.906858086585999
1322,0.225012466311455
1323,0.0794754475355148
1324,0.932125687599182
1325,0.563965380191803
1326,0.983838319778442
1327,0.447050988674164
1328,0.0405162982642651
1329,0.116678550839424
1330,0.886776506900787
1331,0.293263405561447
1332,0.655822217464447
1333,0.977503776550293
1334,0.483267515897751
1335,0.858426690101624
1336,0.87545382976532
1337,0.179629221558571
1338,0.231526121497154
1339,0.692415475845337
1340,0.146306335926056
1341,0.967927634716034
1342,0.979169547557831
1343,0.966679751873016
1344,0.932074785232544
1345,0.891893029212952
1346,0.980487644672394
1347,0.13113184273243
1348,0.966596782207489
1349,0.842856884002686
1350,0.956265091896057
1351,0.977058291435242
1352,0.139271408319473
1353,0.559908986091614
1354,0.982499718666077
1355,0.931165158748627
1356,0.031858429312706
1357,0.422088116407394
1358,0.0489291585981846
1359,0.100964568555355
1360,0.826719760894775
1361,0.981106758117676
1362,0.684748470783234
1363,0.72042977809906
1364,0.84438943862915
1365,0.960823714733124
1366,0.818444669246674
1367,0.945481956005096
1368,0.782362043857574
1369,0.991134762763977
1370,0.770074784755707
1371,0.800247669219971
1372,0.718126893043518
1373,0.979443252086639
1374,0.0101619707420468
1375,0.532866477966309
1376,0.0986384525895119
1377,0.986297726631165
1378,0.811279118061066
1379,0.0489098429679871
1380,0.119839295744896
1381,0.922431945800781
1382,0.60955011844635
1383,0.964510262012482
1384,0.485081851482391
1385,0.05033028870821
1386,0.408347278833389
1387,0.938966989517212
1388,0.669965803623199
1389,0.0795714035630226
1390,0.829082846641541
1391,0.894384622573853
1392,0.30401736497879
1393,0.959732055664062
1394,0.936586797237396
1395,0.729453384876251
1396,0.103453017771244
1397,0.119393333792686
1398,0.0579095110297203
1399,0.223775699734688
1400,0.469888836145401
1401,0.873684942722321
1402,0.977560758590698
1403,0.949760019779205
1404,0.0386325940489769
1405,0.0593073964118958
1406,0.700419664382935
1407,0.0339007899165154
1408,0.962867021560669
1409,0.929480731487274
1410,0.507604956626892
1411,0.438956081867218
1412,0.153364911675453
1413,0.631029307842255
1414,0.92735081911087
1415,0.434296905994415
1416,0.196878239512444
1417,0.204515054821968
1418,0.695027887821198
1419,0.306632727384567
1420,0.961744427680969
1421,0.0540831536054611
1422,0.900284230709076
1423,0.936199724674225
1424,0.123431108891964
1425,0.358172386884689
1426,0.396978735923767
1427,0.0570765919983387
1428,0.0239780452102423
1429,0.13464181125164
1430,0.794868588447571
1431,0.774286210536957
1432,0.685336709022522
1433,0.0125832362100482
1434,0.211181536316872
1435,0.356029033660889
1436,0.131382539868355
1437,0.0714078769087791
1438,0.977933168411255
1439,0.0587329156696796
1440,0.972475647926331
1441,0.867959201335907
1442,0.19453439116478
1443,0.197763949632645
1444,0.0474577099084854
1445,0.06629279255867
1446,0.311016887426376
1447,0.0364477522671223
1448,0.168106466531754
1449,0.96901947259903
1450,0.698136985301971
1451,0.926067590713501
1452,0.505959272384644
1453,0.218534708023071
1454,0.3877854347229
1455,0.470328450202942
1456,0.710023820400238
1457,0.959842324256897
1458,0.260648369789124
1459,0.336758524179459
1460,0.569490313529968
1461,0.192095026373863
1462,0.948288321495056
1463,0.630399823188782
1464,0.934431850910187
1465,0.968615710735321
1466,0.425101071596146
1467,0.986978769302368
1468,0.100694894790649
1469,0.266508638858795
1470,0.983158826828003
1471,0.925558626651764
1472,0.16852305829525
1473,0.849725961685181
1474,0.0486821793019772
1475,0.0327662862837315
1476,0.26275897026062
1477,0.953504323959351
1478,0.108298942446709
1479,0.547495782375336
1480,0.92214971780777
1481,0.0160989388823509
1482,0.0528249144554138
1483,0.917436003684998
1484,0.814575552940369
1485,0.13515105843544
1486,0.014199479483068
1487,0.22235956788063
1488,0.0998023301362991
1489,0.129861071705818
1490,0.853237569332123
1491,0.966489374637604
1492,0.0435226894915104
1493,0.861321747303009
1494,0.284273862838745
1495,0.919171273708344
1496,0.965815484523773
1497,0.17420394718647
1498,0.954473495483398
1499,0.041287112981081
1500,0.885162472724915
1501,0.497637629508972
1502,0.204690620303154
1503,0.826579511165619
1504,0.524354338645935
1505,0.566877067089081
1506,0.0442200154066086
1507,0.286045700311661
1508,0.968059897422791
1509,0.779196918010712
1510,0.359847813844681
1511,0.921389877796173
1512,0.803864419460297
1513,0.923932731151581
1514,0.859398424625397
1515,0.0123991901054978
1516,0.0436234101653099
1517,0.0195025280117989
1518,0.826453566551208
1519,0.182473421096802
1520,0.0908941477537155
1521,0.115105777978897
1522,0.97263091802597
1523,0.170862689614296
1524,0.0268776249140501
1525,0.946910679340363
1526,0.0100774774327874
1527,0.240479171276093
1528,0.908510386943817
1529,0.97260993719101
1530,0.601354479789734
1531,0.711770832538605
1532,0.95867121219635
1533,0.906525015830994
1534,0.134595960378647
1535,0.966204166412354
1536,0.432631731033325
1537,0.130733385682106
1538,0.0889945700764656
1539,0.973106265068054
1540,0.983720064163208
1541,0.54251891374588
1542,0.930117726325989
1543,0.0121045308187604
1544,0.977755010128021
1545,0.79014265537262
1546,0.905107498168945
1547,0.578866899013519
1548,0.931120991706848
1549,0.730899095535278
1550,0.296152561903
1551,0.909143924713135
1552,0.886065900325775
1553,0.926609814167023
1554,0.93113899230957
1555,0.874658107757568
1556,0.889968514442444
1557,0.844625115394592
1558,0.974514126777649
1559,0.870930075645447
1560,0.978901922702789
1561,0.390011370182037
1562,0.0935401991009712
1563,0.0463571734726429
1564,0.653043866157532
1565,0.62311726808548
1566,0.27956622838974
1567,0.883973121643066
1568,0.109059803187847
1569,0.953122794628143
1570,0.844636499881744
1571,0.980696022510529
1572,0.756739735603333
1573,0.906864404678345
1574,0.532440960407257
1575,0.0331528447568417
1576,0.740756511688232
1577,0.966067314147949
1578,0.863605678081512
1579,0.783219933509827
1580,0.853606879711151
1581,0.916734933853149
1582,0.449607759714127
1583,0.918628513813019
1584,0.981771051883698
1585,0.87688022851944
1586,0.199471667408943
1587,0.982032239437103
1588,0.929868936538696
1589,0.262702524662018
1590,0.0782687366008759
1591,0.0176221858710051
1592,0.812506079673767
1593,0.976338326931
1594,0.0713630691170692
1595,0.712848305702209
1596,0.656248807907104
1597,0.495428591966629
1598,0.927851915359497
1599,0.814564883708954
1600,0.258617907762527
1601,0.916872143745422
1602,0.23442468047142
1603,0.152486383914948
1604,0.929021835327148
1605,0.0527682900428772
1606,0.12311165779829
1607,0.939751505851746
1608,0.0721854344010353
1609,0.876045048236847
1610,0.935637950897217
1611,0.881332039833069
1612,0.904382884502411
1613,0.957449018955231
1614,0.223826423287392
1615,0.785553753376007
1616,0.373382419347763
1617,0.0206286497414112
1618,0.837175250053406
1619,0.968738853931427
1620,0.972992360591888
1621,0.0722870379686356
1622,0.745227754116058
1623,0.858804762363434
1624,0.962483525276184
1625,0.941077768802643
1626,0.0514071844518185
1627,0.0131034199148417
1628,0.225784942507744
1629,0.643838703632355
1630,0.0217547416687012
1631,0.674304902553558
1632,0.795237958431244
1633,0.924875020980835
1634,0.332053631544113
1635,0.253238558769226
1636,0.10026902705431
1637,0.797835528850555
1638,0.893571615219116
1639,0.130079865455627
1640,0.81346470117569
1641,0.259388953447342
1642,0.854351758956909
1643,0.903994798660278
1644,0.107142992317677
1645,0.986060380935669
1646,0.152184471487999
1647,0.925623774528503
1648,0.89239501953125
1649,0.580402731895447
1650,0.237846493721008
1651,0.966206073760986
1652,0.961117446422577
1653,0.356875836849213
1654,0.470398128032684
1655,0.0639233514666557
1656,0.808547914028168
1657,0.662533164024353
1658,0.97587662935257
1659,0.142555892467499
1660,0.984810531139374
1661,0.166363850235939
1662,0.152201771736145
1663,0.075530931353569
1664,0.801488757133484
1665,0.665049374103546
1666,0.466072410345078
1667,0.956644475460052
1668,0.146807059645653
1669,0.969991743564606
1670,0.830422163009644
1671,0.0955774337053299
1672,0.961338818073273
1673,0.0756902471184731
1674,0.151776850223541
1675,0.847260773181915
1676,0.843510985374451
1677,0.0373874865472317
1678,0.928570568561554
1679,0.577013969421387
1680,0.658608913421631
1681,0.9283327460289
1682,0.139983296394348
1683,0.982896387577057
1684,0.840600669384003
1685,0.918761432170868
1686,0.20070318877697
1687,0.960692226886749
1688,0.733583748340607
1689,0.349429458379745
1690,0.948993623256683
1691,0.7657630443573
1692,0.0891009718179703
1693,0.27365642786026
1694,0.634007155895233
1695,0.80118316411972
1696,0.0706446096301079
1697,0.968473970890045
1698,0.0287070386111736
1699,0.0107755623757839
1700,0.10761021822691
1701,0.885755181312561
1702,0.961297631263733
1703,0.105809770524502
1704,0.883956372737885
1705,0.0445824004709721
1706,0.126948893070221
1707,0.865656971931458
1708,0.0108009241521358
1709,0.90169894695282
1710,0.125172734260559
1711,0.21464815735817
1712,0.446481704711914
1713,0.0166565012186766
1714,0.10635856539011
1715,0.196587845683098
1716,0.0227780416607857
1717,0.315729439258575
1718,0.977666020393372
1719,0.985549628734589
1720,0.526570856571198
1721,0.0549956858158112
1722,0.0757908672094345
1723,0.554657936096191
1724,0.322543233633041
1725,0.18239451944828
1726,0.962348937988281
1727,0.985628128051758
1728,0.593878984451294
1729,0.962462306022644
1730,0.673077523708344
1731,0.460598409175873
1732,0.139115989208221
1733,0.968976497650146
1734,0.867672622203827
1735,0.875074803829193
1736,0.99483335018158
1737,0.0560674294829369
1738,0.902762293815613
1739,0.912899315357208
1740,0.97935539484024
1741,0.792691886425018
1742,0.86988627910614
1743,0.882936060428619
1744,0.134972900152206
1745,0.0403755344450474
1746,0.160596236586571
1747,0.0175978019833565
1748,0.942012906074524
1749,0.948119401931763
1750,0.124588333070278
1751,0.917204856872559
1752,0.879180192947388
1753,0.047376062721014
1754,0.114763781428337
1755,0.0998447090387344
1756,0.956543266773224
1757,0.400294184684753
1758,0.0540862418711185
1759,0.468043148517609
1760,0.783881783485413
1761,0.946709156036377
1762,0.96645712852478
1763,0.0202196054160595
1764,0.519696772098541
1765,0.98367303609848
1766,0.949184596538544
1767,0.904997169971466
1768,0.540840029716492
1769,0.98783141374588
1770,0.845431387424469
1771,0.746365487575531
1772,0.974309265613556
1773,0.931024491786957
1774,0.289695143699646
1775,0.438544631004333
1776,0.955422520637512
1777,0.02909130230546
1778,0.955707609653473
1779,0.0502672269940376
1780,0.433403939008713
1781,0.790986955165863
1782,0.941432595252991
1783,0.177515953779221
1784,0.822233259677887
1785,0.479021549224854
1786,0.0179869923740625
1787,0.786828219890594
1788,0.312219560146332
1789,0.43576768040657
1790,0.414890080690384
1791,0.160089045763016
1792,0.810121655464172
1793,0.956811010837555
1794,0.128221079707146
1795,0.0237289518117905
1796,0.712418913841248
1797,0.399179190397263
1798,0.431841790676117
1799,0.63620913028717
1800,0.0329366289079189
1801,0.983653962612152
1802,0.159752160310745
1803,0.0896403938531876
1804,0.120397306978703
1805,0.923937439918518
1806,0.563959300518036
1807,0.538080751895905
1808,0.0366100296378136
1809,0.840421319007874
1810,0.98531448841095
1811,0.954660654067993
1812,0.448542594909668
1813,0.845247149467468
1814,0.53698056936264
1815,0.97724986076355
1816,0.178562089800835
1817,0.901301622390747
1818,0.0495784021914005
1819,0.699933886528015
1820,0.118385843932629
1821,0.442076146602631
1822,0.235924765467644
1823,0.96586275100708
1824,0.968890786170959
1825,0.9800785779953
1826,0.944301426410675
1827,0.555942177772522
1828,0.951049864292145
1829,0.807226121425629
1830,0.936897695064545
1831,0.213934496045113
1832,0.0642772316932678
1833,0.551491260528564
1834,0.762349843978882
1835,0.838109076023102
1836,0.441956281661987
1837,0.393046021461487
1838,0.0760142654180527
1839,0.984439194202423
1840,0.890662789344788
1841,0.0454009845852852
1842,0.802137017250061
1843,0.896554052829742
1844,0.390771061182022
1845,0.901559472084045
1846,0.0795283988118172
1847,0.92736691236496
1848,0.525499403476715
1849,0.255335688591003
1850,0.464787930250168
1851,0.965273916721344
1852,0.0660952404141426
1853,0.860988795757294
1854,0.976150155067444
1855,0.860647678375244
1856,0.94074010848999
1857,0.251038700342178
1858,0.120035350322723
1859,0.19521176815033
1860,0.949050724506378
1861,0.605711817741394
1862,0.0428636111319065
1863,0.60222202539444
1864,0.98514324426651
1865,0.598014533519745
1866,0.925341546535492
1867,0.912683010101318
1868,0.964349925518036
1869,0.947786688804626
1870,0.563482463359833
1871,0.964097440242767
1872,0.928247630596161
1873,0.603470861911774
1874,0.143476709723473
1875,0.0913794636726379
1876,0.813013255596161
1877,0.019610982388258
1878,0.322642296552658
1879,0.870401918888092
1880,0.899710059165955
1881,0.280351042747498
1882,0.178118839859962
1883,0.382395267486572
1884,0.108126081526279
1885,0.973754525184631
1886,0.216767475008965
1887,0.678056657314301
1888,0.968854665756226
1889,0.964675188064575
1890,0.0350506342947483
1891,0.921850562095642
1892,0.274262428283691
1893,0.914469301700592
1894,0.352353543043137
1895,0.623588621616364
1896,0.907333850860596
1897,0.974277794361115
1898,0.677372992038727
1899,0.895473122596741
1900,0.0961461067199707
1901,0.986365795135498
1902,0.957602024078369
1903,0.651739835739136
1904,0.0260501019656658
1905,0.0886876657605171
1906,0.0238752290606499
1907,0.721881866455078
1908,0.150883227586746
1909,0.929974496364594
1910,0.170065507292747
1911,0.0870888233184814
1912,0.884332001209259
1913,0.0265298057347536
1914,0.973775446414948
1915,0.92998480796814
1916,0.343264132738113
1917,0.155253306031227
1918,0.121078319847584
1919,0.678494572639465
1920,0.8562251329422
1921,0.983206212520599
1922,0.491711497306824
1923,0.0351289547979832
1924,0.155574053525925
1925,0.852083265781403
1926,0.376092165708542
1927,0.156458735466003
1928,0.947632193565369
1929,0.855111360549927
1930,0.0631377622485161
1931,0.0814810767769814
1932,0.0571006424725056
1933,0.0836931616067886
1934,0.961127460002899
1935,0.0668496936559677
1936,0.0819341838359833
1937,0.139889568090439
1938,0.962855279445648
1939,0.644384980201721
1940,0.840744078159332
1941,0.976664423942566
1942,0.994667053222656
1943,0.791693568229675
1944,0.265175372362137
1945,0.0482715032994747
1946,0.0606401264667511
1947,0.410855770111084
1948,0.768380582332611
1949,0.119376353919506
1950,0.597025156021118
1951,0.979560911655426
1952,0.0221500676125288
1953,0.98141998052597
1954,0.119274199008942
1955,0.984140753746033
1956,0.212029546499252
1957,0.271035254001617
1958,0.075601302087307
1959,0.938013195991516
1960,0.659959256649017
1961,0.176672607660294
1962,0.162675723433495
1963,0.0794463604688644
1964,0.861199736595154
1965,0.274751991033554
1966,0.17242306470871
1967,0.916200995445251
1968,0.227043107151985
1969,0.98123687505722
1970,0.14776836335659
1971,0.476934492588043
1972,0.980024039745331
1973,0.980066418647766
1974,0.627240121364594
1975,0.912330806255341
1976,0.953484416007996
1977,0.109760627150536
1978,0.971044301986694
1979,0.0288885999470949
1980,0.943072080612183
1981,0.877178311347961
1982,0.0853440389037132
1983,0.255047649145126
1984,0.0318890549242496
1985,0.080447144806385
1986,0.97535502910614
1987,0.311340808868408
1988,0.575392782688141
1989,0.989628314971924
1990,0.840908348560333
1991,0.196130856871605
1992,0.925613164901733
1993,0.911805987358093
1994,0.0196368098258972
1995,0.193002089858055
1996,0.937250971794128
1997,0.963247895240784
1998,0.983911395072937
1999,0.472910463809967
2000,0.448587596416473
2001,0.243448719382286
2002,0.980615675449371
2003,0.410514354705811
2004,0.98158586025238
2005,0.729138672351837
2006,0.141980290412903
2007,0.0441832095384598
2008,0.960977256298065
2009,0.0449308045208454
2010,0.0843867138028145
2011,0.223373457789421
2012,0.505668640136719
2013,0.631048202514648
2014,0.94624537229538
2015,0.948395311832428
2016,0.889166653156281
2017,0.357188135385513
2018,0.351365089416504
2019,0.918600559234619
2020,0.944752871990204
2021,0.102410487830639
2022,0.942127466201782
2023,0.500984013080597
2024,0.625622987747192
2025,0.482495278120041
2026,0.0683182328939438
2027,0.0595839358866215
2028,0.236969113349915
2029,0.151845216751099
2030,0.974941253662109
2031,0.680763125419617
2032,0.797067046165466
2033,0.351458221673965
2034,0.0896598547697067
2035,0.789699256420135
2036,0.980740308761597
2037,0.0783570930361748
2038,0.298011511564255
2039,0.810817241668701
2040,0.869393706321716
2041,0.685098826885223
2042,0.627831876277924
2043,0.150235950946808
2044,0.0549989156424999
2045,0.38634192943573
2046,0.533338129520416
2047,0.972949802875519
2048,0.96430766582489
2049,0.129634767770767
2050,0.0433331988751888
2051,0.343629062175751
2052,0.969476640224457
2053,0.800184369087219
2054,0.280114978551865
2055,0.750083208084106
2056,0.774594187736511
2057,0.9231938123703
2058,0.782999694347382
2059,0.236492171883583
2060,0.141604468226433
2061,0.548811733722687
2062,0.969834506511688
2063,0.867648839950562
2064,0.0386710241436958
2065,0.0457848161458969
2066,0.379276931285858
2067,0.620406210422516
2068,0.921693503856659
2069,0.897435307502747
2070,0.984111428260803
2071,0.0175710469484329
2072,0.189761385321617
2073,0.746511042118073
2074,0.983335494995117
2075,0.0336758680641651
2076,0.923564016819
2077,0.113843098282814
2078,0.940837919712067
2079,0.937705159187317
2080,0.786389112472534
2081,0.960802376270294
2082,0.586343467235565
2083,0.443054288625717
2084,0.955589711666107
2085,0.148709639906883
2086,0.0803271681070328
2087,0.0333916172385216
2088,0.310057252645493
2089,0.418284207582474
2090,0.141609773039818
2091,0.158881083130836
2092,0.829989731311798
2093,0.300626754760742
2094,0.817152976989746
2095,0.48234835267067
2096,0.896089375019073
2097,0.972012758255005
2098,0.89875864982605
2099,0.885529816150665
2100,0.843290627002716
2101,0.52624124288559
2102,0.0516950003802776
2103,0.56854259967804
2104,0.795531511306763
2105,0.959750950336456
2106,0.0214668847620487
2107,0.818736672401428
2108,0.965274751186371
2109,0.699043810367584
2110,0.82634299993515
2111,0.918236672878265
2112,0.0870494395494461
2113,0.797616958618164
2114,0.255449622869492
2115,0.169650971889496
2116,0.144319608807564
2117,0.816411137580872
2118,0.172451883554459
2119,0.123493261635303
2120,0.948842585086823
2121,0.913930773735046
2122,0.928279042243958
2123,0.691924214363098
2124,0.0947150066494942
2125,0.980838894844055
2126,0.0453161559998989
2127,0.971497058868408
2128,0.797369837760925
2129,0.973197221755981
2130,0.0864143669605255
2131,0.954489350318909
2132,0.117071934044361
2133,0.369073629379272
2134,0.900970637798309
2135,0.788502752780914
2136,0.0849532186985016
2137,0.875749945640564
2138,0.953623175621033
2139,0.748571336269379
2140,0.0938356891274452
2141,0.145344629883766
2142,0.240609541535378
2143,0.220799371600151
2144,0.0947235897183418
2145,0.370548129081726
2146,0.988250911235809
2147,0.921896994113922
2148,0.555423855781555
2149,0.241774052381516
2150,0.277225404977798
2151,0.332805395126343
2152,0.117495276033878
2153,0.237110629677773
2154,0.732364356517792
2155,0.897284626960754
2156,0.0318251848220825
2157,0.148065432906151
2158,0.428062200546265
2159,0.732488870620728
2160,0.959452211856842
2161,0.965117335319519
2162,0.922982037067413
2163,0.894826591014862
2164,0.926180839538574
2165,0.786951065063477
2166,0.764770865440369
2167,0.954088866710663
2168,0.0494308583438396
2169,0.0281311310827732
2170,0.873709380626678
2171,0.318890273571014
2172,0.975301921367645
2173,0.0738745704293251
2174,0.00831370986998081
2175,0.0106584625318646
2176,0.82699978351593
2177,0.101551502943039
2178,0.136192828416824
2179,0.908541798591614
2180,0.967167675495148
2181,0.839149534702301
2182,0.102611415088177
2183,0.603582799434662
2184,0.0868928581476212
2185,0.263129860162735
2186,0.0799649804830551
2187,0.0475986264646053
2188,0.977807641029358
2189,0.155728459358215
2190,0.372730106115341
2191,0.22051602602005
2192,0.344264686107635
2193,0.927107095718384
2194,0.319165706634521
2195,0.0648326501250267
2196,0.202520221471786
2197,0.111488811671734
2198,0.0757459998130798
2199,0.955896019935608
2200,0.677163064479828
2201,0.953826665878296
2202,0.952489018440247
2203,0.103872112929821
2204,0.769244790077209
2205,0.0508533231914043
2206,0.55919224023819
2207,0.548840403556824
2208,0.981823325157166
2209,0.102092951536179
2210,0.0371360667049885
2211,0.926094055175781
2212,0.783601760864258
2213,0.944238483905792
2214,0.691897511482239
2215,0.97929835319519
2216,0.329297631978989
2217,0.895394682884216
2218,0.135265707969666
2219,0.848118424415588
2220,0.955928802490234
2221,0.126244500279427
2222,0.837047338485718
2223,0.922841012477875
2224,0.0565546713769436
2225,0.0478340610861778
2226,0.427175343036652
2227,0.641064643859863
2228,0.641122698783875
2229,0.0439613871276379
2230,0.813416481018066
2231,0.645735085010529
2232,0.0105196116492152
2233,0.981575012207031
2234,0.196141302585602
2235,0.014841384254396
2236,0.0188135001808405
2237,0.0305700581520796
2238,0.350841164588928
2239,0.966199398040771
2240,0.212708950042725
2241,0.913560152053833
2242,0.977145433425903
2243,0.716468632221222
2244,0.98023921251297
2245,0.917432367801666
2246,0.351560413837433
2247,0.41935807466507
2248,0.89867103099823
2249,0.716008484363556
2250,0.773374974727631
2251,0.283789873123169
2252,0.083050362765789
2253,0.120244726538658
2254,0.625629842281342
2255,0.83746725320816
2256,0.559340476989746
2257,0.0322533175349236
2258,0.806809484958649
2259,0.712640464305878
2260,0.835000932216644
2261,0.94548225402832
2262,0.0321944132447243
2263,0.152801364660263
2264,0.102244339883327
2265,0.975525379180908
2266,0.979125082492828
2267,0.800641894340515
2268,0.571078717708588
2269,0.0301992762833834
2270,0.241776645183563
2271,0.955767095088959
2272,0.414201140403748
2273,0.6588494181633
2274,0.39696991443634
2275,0.888709187507629
2276,0.944056749343872
2277,0.0980987921357155
2278,0.872533679008484
2279,0.198095574975014
2280,0.0398248061537743
2281,0.120710209012032
2282,0.13649120926857
2283,0.144493117928505
2284,0.472784996032715
2285,0.139810919761658
2286,0.852806150913239
2287,0.0248646624386311
2288,0.948733985424042
2289,0.925910532474518
2290,0.946959555149078
2291,0.978362023830414
2292,0.0849323719739914
2293,0.993504106998444
2294,0.955611824989319
2295,0.960098564624786
2296,0.0438372790813446
2297,0.537862122058868
2298,0.591314136981964
2299,0.452092707157135
2300,0.988695502281189
2301,0.0378511063754559
2302,0.971993029117584
2303,0.85713791847229
2304,0.912394106388092
2305,0.691207766532898
2306,0.51969188451767
2307,0.747140109539032
2308,0.145841225981712
2309,0.968361616134644
2310,0.839696884155273
2311,0.0806404128670692
2312,0.838043034076691
2313,0.972457587718964
2314,0.990264773368835
2315,0.349270135164261
2316,0.834265410900116
2317,0.00827734638005495
2318,0.568809866905212
2319,0.955081939697266
2320,0.540458023548126
2321,0.970655083656311
2322,0.80511337518692
2323,0.101297706365585
2324,0.982969284057617
2325,0.0320123694837093
2326,0.806422591209412
2327,0.892784833908081
2328,0.910479664802551
2329,0.313047349452972
2330,0.409787952899933
2331,0.306440979242325
2332,0.107135646045208
2333,0.886953294277191
2334,0.0844799727201462
2335,0.76863420009613
2336,0.980743706226349
2337,0.130153864622116
2338,0.918538510799408
2339,0.176505729556084
2340,0.925184667110443
2341,0.934668719768524
2342,0.939683377742767
2343,0.985021650791168
2344,0.640432834625244
2345,0.907732248306274
2346,0.955502092838287
2347,0.470058590173721
2348,0.349610358476639
2349,0.137110993266106
2350,0.0602038763463497
2351,0.829608678817749
2352,0.188966080546379
2353,0.0586361922323704
2354,0.134889796376228
2355,0.181589156389236
2356,0.0898985788226128
2357,0.917788684368134
2358,0.190439939498901
2359,0.956466674804688
2360,0.806574821472168
2361,0.905139923095703
2362,0.129891350865364
2363,0.94692599773407
2364,0.0355399362742901
2365,0.147564977407455
2366,0.85607498884201
2367,0.730823516845703
2368,0.388181418180466
2369,0.960475862026215
2370,0.919433832168579
2371,0.489834040403366
2372,0.963758051395416
2373,0.101713545620441
2374,0.0956554859876633
2375,0.25043198466301
2376,0.955234229564667
2377,0.0344441905617714
2378,0.0837797299027443
2379,0.0229018982499838
2380,0.95996105670929
2381,0.0238035675138235
2382,0.387910068035126
2383,0.913124263286591
2384,0.227754548192024
2385,0.105007581412792
2386,0.919664680957794
2387,0.909801065921783
2388,0.254170715808868
2389,0.930385231971741
2390,0.851948022842407
2391,0.931688964366913
2392,0.13461534678936
2393,0.981995582580566
2394,0.975008547306061
2395,0.0728668123483658
2396,0.979423224925995
2397,0.0163907967507839
2398,0.0209939647465944
2399,0.837005496025085
2400,0.899024605751038
2401,0.795461058616638
2402,0.615624487400055
2403,0.328583300113678
2404,0.893523931503296
2405,0.917832612991333
2406,0.961026072502136
2407,0.682558476924896
2408,0.980075001716614
2409,0.98986291885376
2410,0.832213521003723
2411,0.989384710788727
2412,0.273229032754898
2413,0.817320227622986
2414,0.15127432346344
2415,0.164329633116722
2416,0.816477715969086
2417,0.534715890884399
2418,0.629063487052917
2419,0.0361216515302658
2420,0.411077380180359
2421,0.0567628964781761
2422,0.0598902776837349
2423,0.6540447473526
2424,0.991428673267365
2425,0.140473812818527
2426,0.739938259124756
2427,0.0477565638720989
2428,0.932738482952118
2429,0.924735128879547
2430,0.973067402839661
2431,0.45479428768158
2432,0.0901751145720482
2433,0.541279077529907
2434,0.263649523258209
2435,0.136096894741058
2436,0.864087641239166
2437,0.0116388173773885
2438,0.123805366456509
2439,0.971629619598389
2440,0.909009516239166
2441,0.978691101074219
2442,0.0459215119481087
2443,0.00828826613724232
2444,0.77577930688858
2445,0.928309738636017
2446,0.40001717209816
2447,0.918182611465454
2448,0.0364766754209995
2449,0.699143886566162
2450,0.0330800227820873
2451,0.141978055238724
2452,0.49210125207901
2453,0.0598034113645554
2454,0.952866852283478
2455,0.0170604009181261
2456,0.144398003816605
2457,0.884706437587738
2458,0.311790555715561
2459,0.210376709699631
2460,0.966416239738464
2461,0.896714389324188
2462,0.943266093730927
2463,0.980452001094818
2464,0.975587427616119
2465,0.40016582608223
2466,0.957984030246735
2467,0.865777492523193
2468,0.0710476860404015
2469,0.598234236240387
2470,0.114339701831341
2471,0.991704225540161
2472,0.552734434604645
2473,0.752516567707062
2474,0.160796627402306
2475,0.120236411690712
2476,0.978386342525482
2477,0.0963195487856865
2478,0.0500303842127323
2479,0.914255321025848
2480,0.927216231822968
2481,0.0663179233670235
2482,0.732937335968018
2483,0.0422723591327667
2484,0.197634696960449
2485,0.816125512123108
2486,0.982484400272369
2487,0.0675161480903625
2488,0.285265922546387
2489,0.939552843570709
2490,0.173350274562836
2491,0.923494338989258
2492,0.986107707023621
2493,0.98145604133606
2494,0.320082873106003
2495,0.874139130115509
2496,0.258333712816238
2497,0.348791897296906
2498,0.0529748685657978
2499,0.94605964422226
2500,0.696007192134857
2501,0.18603253364563
